anio,cod_dep,departamento,dominio_id,dominio,estrato_id,n_hogares_muestra,hogares_expandidos,poblacion_expandida,tasa_pobreza,tasa_pobreza_extrema,linea_promedio,linpe_promedio,ingreso_promedio_hogar
2017,01,Amazonas,4,Sierra Norte,4,157,11011.17903137207,38846.90061187744,0.04102153639863577,0.007547942506219685,291.1,165.48,49698.677643312105
2017,01,Amazonas,4,Sierra Norte,5,44,6729.459991455078,21333.60263824463,0.3128478648633182,0.023054484563512462,291.1,165.48,21114.597272727275
2017,01,Amazonas,4,Sierra Norte,6,70,4941.033668518066,15221.658088684082,0.39589616035299346,0.13517054560080846,246.24,156.46,16153.005
2017,01,Amazonas,4,Sierra Norte,7,121,8291.362922668457,31043.790351867676,0.5343197252705191,0.17875441747758988,246.24,156.46,15373.202727272726
2017,01,Amazonas,4,Sierra Norte,8,75,5280.354667663574,19387.58180999756,0.5389697826892729,0.11387465965208016,246.24,156.46,13053.2212
2017,01,Amazonas,7,Selva,4,138,22134.582321166992,78793.89630126953,0.17645671366250004,0.018016893217113816,311.84,178.63,35102.12311594203
2017,01,Amazonas,7,Selva,5,102,19072.215896606445,72208.22593688965,0.23795125441796883,0.05033822498999915,311.84,178.63,28803.83823529412
2017,01,Amazonas,7,Selva,6,55,4242.946426391602,13407.939125061035,0.17452722207612523,0.016571536681129245,238.14,145.14,20896.637454545456
2017,01,Amazonas,7,Selva,7,384,28540.489585876465,122783.13277435303,0.5430156366287869,0.1870768098700628,238.14,145.14,16056.725807291667
2017,01,Amazonas,7,Selva,8,93,6525.747489929199,25602.97515106201,0.45174354360684116,0.10901759821367805,238.14,145.14,17798.627741935485
2017,02,Ancash,2,Costa Centro,2,392,102638.99367189407,396188.4510965347,0.14246187346675762,0.0028361633163643107,333.82,171.25,43507.18420918367
2017,02,Ancash,2,Costa Centro,4,31,11222.309600830078,40913.012298583984,0.04680622161311967,0.0,333.82,171.25,29377.058387096775
2017,02,Ancash,2,Costa Centro,5,86,19844.421340942383,74430.72497558594,0.16124749733901036,0.0,333.82,171.25,33751.36720930233
2017,02,Ancash,2,Costa Centro,6,8,1233.759033203125,2313.2981872558594,0.13333333333333333,0.0,267.88,150.53,17702.1975
2017,02,Ancash,2,Costa Centro,7,29,6374.899932861328,18867.024475097656,0.12266992155590216,0.06543186066414283,267.88,150.53,26925.748275862068
2017,02,Ancash,2,Costa Centro,8,23,5087.706634521484,20196.606658935547,0.15267257557738076,0.0,267.88,150.53,21122.30782608696
2017,02,Ancash,5,Sierra Centro,3,156,30633.339080810547,117437.7518157959,0.04315098569396785,0.0,295.39,165.48,49893.27121794872
2017,02,Ancash,5,Sierra Centro,5,98,30645.907272338867,103063.92504882812,0.24124065085805066,0.05112425934680628,295.39,165.48,28303.772040816326
2017,02,Ancash,5,Sierra Centro,6,114,22126.60333251953,74877.99211120605,0.33680514919508775,0.08289169605682903,249.31,156.46,19650.436754385966
2017,02,Ancash,5,Sierra Centro,7,341,67000.86503601074,235709.69081115723,0.40051535636883834,0.08089261587657351,249.31,156.46,13908.049384164224
2017,02,Ancash,5,Sierra Centro,8,121,24526.502349853516,92937.97718811035,0.40352479144926556,0.16123340151558205,249.31,156.46,14867.754628099174
2017,03,Apurimac,6,Sierra Sur,3,106,18172.198181152344,62618.95178985596,0.16291812024178448,0.03002508878960378,293.18,165.48,36333.954716981134
2017,03,Apurimac,6,Sierra Sur,4,64,16272.784523010254,60081.36943817139,0.20439568950024656,0.0,293.18,165.48,31911.3653125
2017,03,Apurimac,6,Sierra Sur,5,73,23825.67414855957,76447.52236938477,0.28872227870051115,0.02059295210404928,293.18,165.48,20607.47
2017,03,Apurimac,6,Sierra Sur,6,130,16546.46583557129,49588.434478759766,0.40824969972361386,0.045296176664128454,247.73,156.46,14656.267538461538
2017,03,Apurimac,6,Sierra Sur,7,455,57138.59635925293,189647.97359466553,0.46966426139029566,0.1204731222792305,247.73,156.46,12439.80232967033
2017,03,Apurimac,6,Sierra Sur,8,98,12164.512939453125,33324.75469207764,0.46455189177321554,0.07662203139930847,247.73,156.46,9565.86306122449
2017,04,Arequipa,3,Costa Sur,4,131,17858.912757873535,61840.602546691895,0.13540185782363154,0.0,342.12,171.25,41447.103282442746
2017,04,Arequipa,3,Costa Sur,5,201,26014.723907470703,86096.38698577881,0.1564889129986101,0.0,342.12,171.25,36856.09253731343
2017,04,Arequipa,3,Costa Sur,6,32,3805.8428955078125,9931.156936645508,0.0,0.0,273.87,150.53,23463.89625
2017,04,Arequipa,3,Costa Sur,7,49,5061.482421875,15245.101150512695,0.07239532930254618,0.0,273.87,150.53,39609.25469387755
2017,04,Arequipa,3,Costa Sur,8,29,3726.307601928711,11939.682556152344,0.051464934071409424,0.0,273.87,150.53,31312.98
2017,04,Arequipa,6,Sierra Sur,1,727,249087.57711410522,899861.6992111206,0.03813897978935083,0.0,302.02,165.48,50034.03768913342
2017,04,Arequipa,6,Sierra Sur,4,59,10639.413131713867,36379.50064086914,0.08327540932773117,0.0,302.02,165.48,30019.323559322034
2017,04,Arequipa,6,Sierra Sur,5,121,32357.289810180664,115730.66848754883,0.18696832275888747,0.03425242304788789,302.02,165.48,36394.45570247934
2017,04,Arequipa,6,Sierra Sur,6,67,9188.948944091797,26490.97882080078,0.16890105183650084,0.009684497525860054,254.05,156.46,23609.603134328358
2017,04,Arequipa,6,Sierra Sur,7,98,12875.423263549805,38589.97238922119,0.25437072958879164,0.10096955160417426,254.05,156.46,26330.25357142857
2017,04,Arequipa,6,Sierra Sur,8,59,7882.759941101074,20485.983894348145,0.47649102437618013,0.09651767468484994,254.05,156.46,14427.62220338983
2017,05,Ayacucho,5,Sierra Centro,2,226,55117.76969909668,201157.3070526123,0.1775842058237944,0.0036307732395313343,296.15,165.48,37442.59491150443
2017,05,Ayacucho,5,Sierra Centro,4,47,11314.561172485352,38164.96053314209,0.26385059312192843,0.10369489876226479,296.15,165.48,21465.173617021275
2017,05,Ayacucho,5,Sierra Centro,5,161,43769.169662475586,130907.83099365234,0.3976257318044045,0.033851077671587355,296.15,165.48,18246.527204968945
2017,05,Ayacucho,5,Sierra Centro,6,127,18827.161163330078,54372.844970703125,0.34196723933558554,0.040202641741732464,249.85,156.46,12723.59622047244
2017,05,Ayacucho,5,Sierra Centro,7,352,53097.08303833008,174702.7368774414,0.46623988424818885,0.1287191074090547,249.85,156.46,9883.059431818181
2017,05,Ayacucho,5,Sierra Centro,8,133,21432.894104003906,63910.40447998047,0.5630324749470199,0.17886826766276837,249.85,156.46,10191.576691729322
2017,05,Ayacucho,7,Selva,5,57,8613.137176513672,33422.19019317627,0.4708781720270495,0.08010620004706069,317.2,178.63,19925.925438596492
2017,05,Ayacucho,7,Selva,7,34,4373.17350769043,15761.721298217773,0.26873072638046847,0.0891677800776223,241.88,145.14,11138.979117647059
2017,05,Ayacucho,7,Selva,8,15,1681.3601379394531,5732.732727050781,0.32391487757164106,0.10797162585721369,241.88,145.14,15445.472666666667
2017,06,Cajamarca,1,Costa Norte,5,6,828.5372314453125,2071.3430786132812,0.0,0.0,326.16,171.25,39733.388333333336
2017,06,Cajamarca,1,Costa Norte,7,8,3045.767333984375,7614.4183349609375,0.3,0.0,262.35,150.53,9122.62125
2017,06,Cajamarca,1,Costa Norte,8,8,3045.767333984375,8756.581085205078,0.391304347826087,0.0,262.35,150.53,17505.9
2017,06,Cajamarca,4,Sierra Norte,2,231,66690.93730163574,214036.15341186523,0.16917908681214675,0.021490247072815084,289.27,165.48,36620.73116883117
2017,06,Cajamarca,4,Sierra Norte,5,167,69508.87576293945,201803.62153625488,0.23185346428854575,0.02529771468822061,289.27,165.48,25474.410778443114
2017,06,Cajamarca,4,Sierra Norte,6,52,15790.5869140625,48663.76806640625,0.46392009144540797,0.05752294897192798,244.93,156.46,16223.76923076923
2017,06,Cajamarca,4,Sierra Norte,7,569,174684.87506103516,579103.7926635742,0.691462954851928,0.3037305014746213,244.93,156.46,9757.404323374341
2017,06,Cajamarca,4,Sierra Norte,8,149,47283.59698486328,148156.60900878906,0.6757095728569149,0.326743943331825,244.93,156.46,10367.856174496645
2017,06,Cajamarca,7,Selva,3,67,37862.076263427734,104439.82438659668,0.13128143361945493,0.07461014271522216,309.9,178.63,31050.45223880597
2017,06,Cajamarca,7,Selva,5,23,14691.272827148438,40783.570556640625,0.43416570285556966,0.05110516789618742,309.9,178.63,17827.463913043477
2017,06,Cajamarca,7,Selva,6,16,5764.381591796875,14410.953979492188,0.284163577451726,0.0,236.78,145.14,15656.84625
2017,06,Cajamarca,7,Selva,7,154,44830.61437988281,142209.47534179688,0.4703788714412821,0.08277311664491359,236.78,145.14,12222.197142857143
2017,06,Cajamarca,7,Selva,8,30,10453.626434326172,39564.7255859375,0.5887625909620655,0.14190639197232166,236.78,145.14,10948.572333333334
2017,07,Callao,8,Lima Metropolitana,1,1019,278302.0207595825,1042328.9026947021,0.15991411740640168,0.007609971503191895,428.18,220.63,49031.53331697743
2017,08,Cusco,6,Sierra Sur,2,244,98071.28072738647,340988.8302383423,0.08670892847681519,0.0,302.68,165.48,47970.535
2017,08,Cusco,6,Sierra Sur,4,74,37410.78076171875,139948.58757019043,0.26457130140936425,0.02547459664637205,302.68,165.48,24947.99135135135
2017,08,Cusco,6,Sierra Sur,5,110,63996.21319580078,222793.7481994629,0.30774620283244847,0.01608539522920691,302.68,165.48,24546.358909090908
2017,08,Cusco,6,Sierra Sur,6,79,17695.251525878906,55341.91961669922,0.3025321475845368,0.02527682324014962,254.52,156.46,17113.259873417723
2017,08,Cusco,6,Sierra Sur,7,422,94619.0280456543,346539.4887084961,0.38904089987864726,0.06436242695226595,254.52,156.46,13707.100876777251
2017,08,Cusco,6,Sierra Sur,8,114,25901.21356201172,84677.13005065918,0.3312558698515031,0.0698020543532974,254.52,156.46,13077.505964912281
2017,08,Cusco,7,Selva,4,38,9786.536195755005,29810.77327823639,0.17503828952083847,0.0,324.12,178.63,35150.44736842105
2017,08,Cusco,7,Selva,5,24,7315.827575683594,29366.950469970703,0.2478089041838741,0.029327959553594136,324.12,178.63,36964.94375
2017,08,Cusco,7,Selva,6,7,1159.8640899658203,2651.117919921875,0.25,0.0,246.71,145.14,11273.001428571428
2017,08,Cusco,7,Selva,7,103,21263.713485717773,65495.857482910156,0.15434442722058,0.0,246.71,145.14,16716.909417475727
2017,08,Cusco,7,Selva,8,19,5520.548797607422,21147.066680908203,0.0,0.0,246.71,145.14,14782.856315789473
2017,09,Huancavelica,5,Sierra Centro,4,106,14922.06798171997,55390.045429229736,0.12309640697727106,0.0,291.46,165.48,34598.07320754717
2017,09,Huancavelica,5,Sierra Centro,5,103,20521.6667137146,69460.09840774536,0.21359061579743466,0.03207233145736408,291.46,165.48,20639.620873786407
2017,09,Huancavelica,5,Sierra Centro,6,145,19715.58351135254,63446.12399291992,0.23232200315232795,0.04745760776206748,246.5,156.46,16393.18896551724
2017,09,Huancavelica,5,Sierra Centro,7,537,74593.27618408203,265946.2247467041,0.508820145490204,0.134558098967746,246.5,156.46,11182.656927374303
2017,09,Huancavelica,5,Sierra Centro,8,140,19353.55567932129,56836.42793273926,0.47518028759406583,0.09374279988527408,246.5,156.46,10471.22242857143
2017,10,Huanuco,5,Sierra Centro,2,244,47997.82367706299,172781.675491333,0.14924612901078516,0.02928468019094392,296.84,165.48,42609.04221311476
2017,10,Huanuco,5,Sierra Centro,5,98,25638.525833129883,92900.31739807129,0.18129417007166546,0.018542927275095263,296.84,165.48,29856.257959183673
2017,10,Huanuco,5,Sierra Centro,6,67,12033.703231811523,43598.55667114258,0.4304088051363316,0.027870075061483143,250.35,156.46,15186.365074626867
2017,10,Huanuco,5,Sierra Centro,7,477,89297.11030578613,334021.204498291,0.5046016653487582,0.10084921022920945,250.35,156.46,14416.803815513627
2017,10,Huanuco,5,Sierra Centro,8,110,20763.498809814453,74947.59057617188,0.5375241258270416,0.06427607163092754,250.35,156.46,12368.425272727272
2017,10,Huanuco,7,Selva,4,76,17370.881420135498,66397.57623291016,0.16533276066539607,0.0,317.93,178.63,33890.46447368421
2017,10,Huanuco,7,Selva,5,36,6316.771270751953,20848.181671142578,0.14711412535147295,0.0,317.93,178.63,30826.493055555555
2017,10,Huanuco,7,Selva,6,24,4546.9544677734375,17526.799758911133,0.10657052522024967,0.0,242.39,145.14,31212.875
2017,10,Huanuco,7,Selva,7,118,18222.44320678711,60402.47415161133,0.24210705543906832,0.01924315390670641,242.39,145.14,18767.80754237288
2017,10,Huanuco,7,Selva,8,13,2401.1678009033203,10811.493347167969,0.5472425271574716,0.0,242.39,145.14,11291.02
2017,11,Ica,2,Costa Centro,2,728,111002.88826489449,377950.4579319954,0.0173443524174806,0.0,349.21,171.25,38838.94239010989
2017,11,Ica,2,Costa Centro,3,161,37499.67053222656,134156.30711364746,0.015953595229253683,0.0,349.21,171.25,31956.13260869565
2017,11,Ica,2,Costa Centro,4,65,14084.69709777832,42795.42074584961,0.031585658793839066,0.0,349.21,171.25,33096.88261538462
2017,11,Ica,2,Costa Centro,5,313,55051.56093788147,191484.04808998108,0.07387063480404853,0.0,349.21,171.25,35390.73872204473
2017,11,Ica,2,Costa Centro,6,31,1930.2871475219727,6293.755706787109,0.0,0.0,278.99,150.53,26742.196451612905
2017,11,Ica,2,Costa Centro,7,147,9350.421230316162,29395.46329498291,0.02684965477365152,0.0,278.99,150.53,29345.897482993198
2017,11,Ica,2,Costa Centro,8,92,5852.349296569824,17347.218994140625,0.015780803138277143,0.0,278.99,150.53,26238.281413043478
2017,11,Ica,5,Sierra Centro,6,3,557.1706695556641,928.6177825927734,0.0,0.0,258.1,156.46,10095.72
2017,11,Ica,5,Sierra Centro,8,13,1247.6787490844727,2399.382209777832,0.44,0.12,258.1,156.46,9707.122307692307
2017,12,Junin,5,Sierra Centro,2,354,82366.2855834961,273084.35653686523,0.010366321098920099,0.0011808051391532677,293.03,165.48,45481.30559322034
2017,12,Junin,5,Sierra Centro,4,36,13976.130920410156,43471.56660461426,0.06171763639693198,0.0,293.03,165.48,31542.789166666666
2017,12,Junin,5,Sierra Centro,5,240,131177.66638183594,436886.42108917236,0.15023602071266942,0.002428295704203467,293.03,165.48,28371.87820833333
2017,12,Junin,5,Sierra Centro,6,109,20318.902877807617,58689.88114929199,0.20820176517216804,0.08547302047184982,247.62,156.46,15665.369816513761
2017,12,Junin,5,Sierra Centro,7,270,48276.761138916016,160274.87034606934,0.3228570477922634,0.06936475763172184,247.62,156.46,16499.60103703704
2017,12,Junin,5,Sierra Centro,8,55,10142.768447875977,35572.681640625,0.5072928849614563,0.1945780336437618,247.62,156.46,10359.559636363636
2017,12,Junin,7,Selva,4,93,33492.955642700195,117998.05883026123,0.244917804923097,0.07908142302714882,313.89,178.63,28276.760430107526
2017,12,Junin,7,Selva,5,47,14164.67251586914,52135.0439453125,0.25997795594879847,0.0,313.89,178.63,33889.38553191489
2017,12,Junin,7,Selva,6,8,983.2636108398438,2826.882881164551,0.0,0.0,239.57,145.14,24187.10375
2017,12,Junin,7,Selva,7,271,41900.55350494385,174678.31578826904,0.5150332575185778,0.2214464965052675,239.57,145.14,15163.50405904059
2017,12,Junin,7,Selva,8,54,8326.770729064941,33491.66418457031,0.2692331706963012,0.04403768675488074,239.57,145.14,15895.175555555556
2017,13,La Libertad,1,Costa Norte,1,577,219823.30163097382,805852.2793531418,0.1332343439597269,0.001900478894534837,335.21,171.25,49267.03027729636
2017,13,La Libertad,1,Costa Norte,4,233,107618.10690307617,381788.44998168945,0.1788639183948498,0.012375346940416313,335.21,171.25,36211.04888412017
2017,13,La Libertad,1,Costa Norte,5,164,60483.57307434082,228706.1658935547,0.2062721447197187,0.006880290586933579,335.21,171.25,35712.31969512195
2017,13,La Libertad,1,Costa Norte,7,64,11794.87939453125,45729.27072143555,0.07192195003523034,0.013463067315250488,268.88,150.53,30186.4215625
2017,13,La Libertad,1,Costa Norte,8,23,6803.179779052734,22893.908111572266,0.18342915490092604,0.0,268.88,150.53,27502.013913043476
2017,13,La Libertad,4,Sierra Norte,4,47,6994.899230957031,28402.32601928711,0.32335745477612393,0.024563629026557197,296.49,165.48,29538.27978723404
2017,13,La Libertad,4,Sierra Norte,5,126,23202.55062866211,77972.80107879639,0.1723759352013401,0.0179413938643754,296.49,165.48,30117.07896825397
2017,13,La Libertad,4,Sierra Norte,6,32,7653.750244140625,22754.882354736328,0.30596319577143677,0.09218441051720709,250.1,156.46,14383.7865625
2017,13,La Libertad,4,Sierra Norte,7,281,68846.43850708008,258657.4055480957,0.5943122565220272,0.23025276250018265,250.1,156.46,13991.568362989325
2017,13,La Libertad,4,Sierra Norte,8,56,14100.351196289062,52857.98666381836,0.7298495675449723,0.21613065438166232,250.1,156.46,14035.333928571428
2017,14,Lambayeque,1,Costa Norte,2,595,131674.4080953598,521354.9935092926,0.11999887318265894,0.0,338.46,171.25,45716.68895798319
2017,14,Lambayeque,1,Costa Norte,4,253,66801.24433898926,274413.3828430176,0.16970886205361063,0.007383325226205084,338.46,171.25,35833.37652173913
2017,14,Lambayeque,1,Costa Norte,5,240,70664.12176513672,266124.7158508301,0.2164803624643886,0.016263860677787442,338.46,171.25,28785.440291666666
2017,14,Lambayeque,1,Costa Norte,6,16,1907.0916748046875,6150.983291625977,0.0,0.0,271.23,150.53,44563.529375
2017,14,Lambayeque,1,Costa Norte,7,269,35823.870834350586,153368.27851867676,0.26402505722219316,0.010744584234545593,271.23,150.53,22607.469144981413
2017,14,Lambayeque,1,Costa Norte,8,48,7331.6868896484375,34020.18165588379,0.24134173152804103,0.0,271.23,150.53,26072.071458333332
2017,14,Lambayeque,4,Sierra Norte,7,24,5049.91796875,17674.712890625,0.7218076925823583,0.4914383395604132,251.96,156.46,9757.958333333334
2017,14,Lambayeque,4,Sierra Norte,8,8,1565.1292724609375,8803.852157592773,1.0,0.4888888888888889,251.96,156.46,9381.675
2017,15,Lima,2,Costa Centro,2,211,37357.72080230713,134139.13370132446,0.12322723312140488,0.0,334.84,171.25,42487.145118483415
2017,15,Lima,2,Costa Centro,3,372,76306.53381347656,297771.41551971436,0.16627037055326385,0.006447349220408405,334.84,171.25,37880.145887096776
2017,15,Lima,2,Costa Centro,4,158,34968.79032897949,123218.50231933594,0.17658029201909684,0.0,334.84,171.25,35540.8785443038
2017,15,Lima,2,Costa Centro,5,151,37024.976905822754,145093.97896575928,0.07829211546065455,0.0,334.84,171.25,43130.865894039736
2017,15,Lima,2,Costa Centro,6,14,1038.9485321044922,3562.1092529296875,0.0,0.0,268.61,150.53,24939.475714285712
2017,15,Lima,2,Costa Centro,7,178,20661.37459564209,74480.0942993164,0.11462289554716934,0.0,268.61,150.53,31350.483651685394
2017,15,Lima,2,Costa Centro,8,39,3363.206871032715,14082.10652923584,0.13174628611487674,0.0,268.61,150.53,26516.12307692308
2017,15,Lima,5,Sierra Centro,5,86,15850.391105651855,53527.026794433594,0.12100213270369072,0.008287973025345636,296.2,165.48,32392.665581395348
2017,15,Lima,5,Sierra Centro,6,130,16203.842315673828,46593.438217163086,0.24800891074509337,0.0601014511721867,249.89,156.46,17577.783384615384
2017,15,Lima,5,Sierra Centro,7,61,7485.868957519531,17197.644821166992,0.14908560572261162,0.045386742346381626,249.89,156.46,20723.634262295083
2017,15,Lima,5,Sierra Centro,8,74,9314.457580566406,29958.141693115234,0.3410300952270555,0.14233232051711164,249.89,156.46,15186.883378378378
2017,15,Lima,8,Lima Metropolitana,1,3039,2441647.1369628906,9252919.891021729,0.12991119410594437,0.006387003945575605,428.18,220.63,64944.74965449161
2017,16,Loreto,7,Selva,2,569,103661.68315768242,450810.4478189945,0.17082953756515148,0.018876992414935276,308.76,178.63,54373.2241827768
2017,16,Loreto,7,Selva,4,133,23935.356552124023,105878.82040405273,0.3689071376751805,0.054772781364091604,308.76,178.63,38418.905939849625
2017,16,Loreto,7,Selva,5,193,37344.59797668457,170238.16355133057,0.38378010080975367,0.0982627291664481,308.76,178.63,29671.318134715028
2017,16,Loreto,7,Selva,6,34,3603.8168334960938,18802.94874572754,0.34521376409758053,0.049755605153071446,235.99,145.14,22832.217352941178
2017,16,Loreto,7,Selva,7,497,53397.49394226074,269229.5552062988,0.5968598977755339,0.18574602254363393,235.99,145.14,13581.311187122736
2017,16,Loreto,7,Selva,8,79,8801.113464355469,46232.53903198242,0.5669673485702104,0.16674988933397858,235.99,145.14,10812.81746835443
2017,17,Madre de Dios,7,Selva,3,252,22592.39443588257,78327.02144241333,0.03759454031637677,0.0,307.23,178.63,44015.46456349206
2017,17,Madre de Dios,7,Selva,5,141,12004.148439407349,41160.925649642944,0.03347861252882921,0.0,307.23,178.63,36360.43390070922
2017,17,Madre de Dios,7,Selva,6,32,1107.1990051269531,3491.228967666626,0.056550388127830545,0.0,234.92,145.14,33851.8728125
2017,17,Madre de Dios,7,Selva,7,161,5768.890026092529,19592.304039001465,0.06937251871223372,0.0,234.92,145.14,24398.075776397516
2017,17,Madre de Dios,7,Selva,8,45,1469.6653308868408,5295.929559707642,0.1648982103698589,0.08637525305087848,234.92,145.14,22379.50888888889
2017,18,Moquegua,3,Costa Sur,3,707,42159.82327365875,138477.45680189133,0.050601120947250056,0.0,336.55,171.25,47394.2719377652
2017,18,Moquegua,3,Costa Sur,7,8,665.96435546875,1748.1564331054688,0.0,0.0,269.85,150.53,43149.025
2017,18,Moquegua,3,Costa Sur,8,14,994.6193618774414,2187.847640991211,0.0,0.0,269.85,150.53,29999.235
2017,18,Moquegua,6,Sierra Sur,5,61,4851.355781555176,10121.342317581177,0.22681464709729435,0.0,297.57,165.48,52512.765901639345
2017,18,Moquegua,6,Sierra Sur,6,62,4604.244956970215,12595.496109008789,0.20542165204338036,0.036826140220679045,250.87,156.46,20673.11629032258
2017,18,Moquegua,6,Sierra Sur,7,53,3880.7318801879883,8843.722465515137,0.2986441678917999,0.06664596721553362,250.87,156.46,12028.450566037736
2017,18,Moquegua,6,Sierra Sur,8,69,4985.729560852051,12223.937088012695,0.2127905177012844,0.012648502756509312,250.87,156.46,14155.72695652174
2017,19,Pasco,5,Sierra Centro,3,266,18005.054094314575,67660.5349445343,0.32614284905944285,0.028139868770707198,294.91,165.48,32234.147556390977
2017,19,Pasco,5,Sierra Centro,5,191,33077.54537200928,107038.33364105225,0.4214366195972651,0.040909776361675323,294.91,165.48,21579.22607329843
2017,19,Pasco,5,Sierra Centro,6,32,2766.290771484375,7906.652099609375,0.34788558589704877,0.24298262340567103,248.97,156.46,15696.8371875
2017,19,Pasco,5,Sierra Centro,7,151,12744.610832214355,40012.44372558594,0.5552360432982856,0.12045515284629517,248.97,156.46,13540.617417218544
2017,19,Pasco,5,Sierra Centro,8,32,2560.9223022460938,9994.277610778809,0.2584781732646685,0.1281194300368515,248.97,156.46,20594.0796875
2017,19,Pasco,7,Selva,5,70,10006.719299316406,31431.72868347168,0.10024526506311718,0.0,315.88,178.63,33591.77714285714
2017,19,Pasco,7,Selva,6,8,485.38995361328125,1759.5385818481445,0.0,0.0,240.96,145.14,27040.3575
2017,19,Pasco,7,Selva,7,111,8339.989356994629,29762.43487548828,0.4555187619937933,0.03317091867496388,240.96,145.14,14915.183693693694
2017,19,Pasco,7,Selva,8,56,4480.255798339844,15851.55396270752,0.5430512484378596,0.13144259029437344,240.96,145.14,11946.659285714286
2017,20,Piura,1,Costa Norte,2,571,155103.07650089264,647189.3776760101,0.14790963842488103,0.0,340.85,171.25,47605.11259194396
2017,20,Piura,1,Costa Norte,3,258,79808.10206794739,318285.9114933014,0.19063364429229618,0.019070175682719348,340.85,171.25,37183.14515503876
2017,20,Piura,1,Costa Norte,4,162,62325.92990112305,238677.79960632324,0.3716748927814933,0.047953029168218066,340.85,171.25,25298.701604938273
2017,20,Piura,1,Costa Norte,5,137,68550.9033203125,256301.03106689453,0.32233349793223925,0.063215752489485,340.85,171.25,25034.175839416057
2017,20,Piura,1,Costa Norte,6,23,3967.915069580078,12524.926513671875,0.0581779339087081,0.0,272.95,150.53,27522.53956521739
2017,20,Piura,1,Costa Norte,7,242,50231.00375366211,188991.32553100586,0.43497521940866957,0.059058867388974305,272.95,150.53,18705.11623966942
2017,20,Piura,1,Costa Norte,8,75,14427.963424682617,59586.80696105957,0.5079077354990196,0.20971962911516379,272.95,150.53,19570.502933333333
2017,20,Piura,4,Sierra Norte,5,44,5462.094924926758,19409.013946533203,0.1996856831650083,0.0,301.0,165.48,27908.129545454543
2017,20,Piura,4,Sierra Norte,6,8,2005.4471435546875,6768.38410949707,0.18518518518518517,0.18518518518518517,253.32,156.46,25170.08625
2017,20,Piura,4,Sierra Norte,7,110,27447.127471923828,106109.96829223633,0.646080010698475,0.24031581911035765,253.32,156.46,10417.103545454545
2017,20,Piura,4,Sierra Norte,8,32,7790.781356811523,35696.72723388672,0.7520053289123734,0.3465500063563599,253.32,156.46,13498.7590625
2017,21,Puno,6,Sierra Sur,2,271,124403.73831939697,446714.77172088623,0.20897924421006853,0.029556470588280363,304.59,165.48,34082.68003690037
2017,21,Puno,6,Sierra Sur,4,12,8265.676391601562,23970.674743652344,0.31244529222444817,0.04049576517184777,304.59,165.48,20751.465
2017,21,Puno,6,Sierra Sur,5,132,116699.64709472656,359790.43045043945,0.21414247799948427,0.055058800117975884,304.59,165.48,20940.709166666667
2017,21,Puno,6,Sierra Sur,6,54,14159.865600585938,45543.987243652344,0.3488842621155305,0.0972030083698743,255.89,156.46,16754.873333333333
2017,21,Puno,6,Sierra Sur,7,524,140847.34521484375,428087.3479309082,0.4421377787177121,0.13846381595733373,255.89,156.46,10701.330496183205
2017,21,Puno,6,Sierra Sur,8,168,46069.71154785156,144497.68377685547,0.6095840841036608,0.18895159638576045,255.89,156.46,11475.099285714286
2017,21,Puno,7,Selva,7,14,5386.211608886719,18082.281829833984,0.44680851063829785,0.19148936170212766,248.13,145.14,10925.505714285713
2017,21,Puno,7,Selva,8,8,3300.592041015625,7838.906097412109,0.42105263157894735,0.21052631578947367,248.13,145.14,14503.79
2017,22,San Martin,7,Selva,2,271,32340.416534423828,122937.13583374023,0.1449126684639503,0.0,308.0,178.63,57962.7916605166
2017,22,San Martin,7,Selva,4,208,34891.05923080444,130406.85736083984,0.27799389598485663,0.018736743532954177,308.0,178.63,43350.479423076926
2017,22,San Martin,7,Selva,5,323,90264.59204101562,330930.3570175171,0.2919345340775094,0.04167770450967292,308.0,178.63,32326.01535603715
2017,22,San Martin,7,Selva,6,80,11319.553649902344,41037.36567687988,0.17802072083743042,0.05019888979628531,235.46,145.14,21825.10075
2017,22,San Martin,7,Selva,7,420,56238.07451629639,224579.36546325684,0.2836546449394345,0.04091790074320524,235.46,145.14,19680.263142857144
2017,22,San Martin,7,Selva,8,55,6900.982948303223,23753.072235107422,0.26527029511991157,0.0,235.46,145.14,15273.70509090909
2017,23,Tacna,3,Costa Sur,2,925,84014.73402500153,300015.79908943176,0.13518059305345811,0.007578865281358364,335.76,171.25,39677.153848648646
2017,23,Tacna,3,Costa Sur,6,39,1985.3997497558594,5889.4614906311035,0.04611683065070035,0.0,269.28,150.53,36427.801538461536
2017,23,Tacna,3,Costa Sur,7,55,4323.147811889648,12325.800064086914,0.09922071669407048,0.0075375598752692235,269.28,150.53,19512.716727272727
2017,23,Tacna,3,Costa Sur,8,52,2527.837905883789,6597.040321350098,0.10025686408018573,0.0,269.28,150.53,16691.981153846154
2017,23,Tacna,6,Sierra Sur,5,140,3068.773145675659,8135.118488311768,0.15014521773578848,0.0,296.94,165.48,64063.154714285716
2017,23,Tacna,6,Sierra Sur,6,60,3087.505588531494,8741.040176391602,0.31358668304967674,0.06909841477272044,250.42,156.46,12320.532166666668
2017,23,Tacna,6,Sierra Sur,7,50,2564.9420471191406,7302.076126098633,0.21421484900368407,0.08740178570814737,250.42,156.46,15613.6278
2017,23,Tacna,6,Sierra Sur,8,30,1497.5388565063477,3592.849136352539,0.2347889848287844,0.02698445624708038,250.42,156.46,19194.409333333333
2017,24,Tumbes,1,Costa Norte,3,363,28001.143125534058,102153.9637184143,0.11712227167723398,0.0,336.5,171.25,42802.134104683195
2017,24,Tumbes,1,Costa Norte,5,331,37095.21054840088,131741.39142990112,0.1198069823587547,0.0015875921287853132,336.5,171.25,31779.926767371602
2017,24,Tumbes,1,Costa Norte,6,12,159.61077880859375,409.44478702545166,0.1272191066303611,0.0,269.81,150.53,29289.49
2017,24,Tumbes,1,Costa Norte,7,94,1526.3572311401367,5293.630340576172,0.17583303676686998,0.018009393806801558,269.81,150.53,25952.917234042554
2017,24,Tumbes,1,Costa Norte,8,69,1173.1452732086182,4089.5417623519897,0.022778062142025882,0.0,269.81,150.53,28077.869275362318
2017,25,Ucayali,7,Selva,2,585,79959.48263931274,343029.0259208679,0.0629983838264801,0.009218988279398623,316.29,178.63,39706.47478632478
2017,25,Ucayali,7,Selva,5,222,16204.963520050049,64245.816581726074,0.13058962734590795,0.012450959881423276,316.29,178.63,29495.338513513514
2017,25,Ucayali,7,Selva,6,8,643.7955322265625,3379.926544189453,0.0,0.0,241.24,145.14,28691.8925
2017,25,Ucayali,7,Selva,7,309,20059.441551208496,86475.52053833008,0.3966667947026788,0.13147928339322265,241.24,145.14,15239.16355987055
2017,25,Ucayali,7,Selva,8,36,2474.765556335449,10515.678699493408,0.5886944712298333,0.10053669464245533,241.24,145.14,9216.191111111111
2018,01,Amazonas,4,Sierra Norte,4,148,11057.513084411621,35731.17883300781,0.04914070173635481,0.009714104284722367,295.39,167.15,49930.43581081081
2018,01,Amazonas,4,Sierra Norte,5,44,7327.771827697754,25803.624481201172,0.3082314265384695,0.0,295.39,167.15,26552.21840909091
2018,01,Amazonas,4,Sierra Norte,6,69,4687.640090942383,14918.105861663818,0.288898623943594,0.125207691410328,248.71,157.05,18699.618260869564
2018,01,Amazonas,4,Sierra Norte,7,128,9300.13469696045,31744.842987060547,0.4897075747844305,0.21614808117339088,248.71,157.05,14878.178828125
2018,01,Amazonas,4,Sierra Norte,8,69,4827.717239379883,16774.42795562744,0.40618941450098434,0.06728439986751354,248.71,157.05,16034.402463768116
2018,01,Amazonas,7,Selva,4,137,21900.06802368164,79775.71842193604,0.25709985259678675,0.015968842374629637,315.78,179.79,33822.15109489051
2018,01,Amazonas,7,Selva,5,103,20169.741729736328,74631.09005737305,0.33483632902346055,0.07049796978694223,315.78,179.79,29919.83
2018,01,Amazonas,7,Selva,6,54,4524.974090576172,14845.59874343872,0.28398719939752404,0.0,241.24,146.29,19768.76111111111
2018,01,Amazonas,7,Selva,7,384,29582.146087646484,117653.78028488159,0.4277019625026024,0.07534240451134495,241.24,146.29,16570.375625
2018,01,Amazonas,7,Selva,8,89,7073.9917640686035,25875.046340942383,0.39765344729303514,0.057160693125244716,241.24,146.29,18453.17191011236
2018,02,Ancash,2,Costa Centro,2,499,96208.99546146393,359449.325650692,0.09021889528421595,0.0,337.27,171.05,41477.013146292586
2018,02,Ancash,2,Costa Centro,4,42,10104.745513916016,40998.576889038086,0.11662715901890672,0.03104779040533751,337.27,171.05,42029.29738095238
2018,02,Ancash,2,Costa Centro,5,100,30252.103515625,117990.84384155273,0.08333522537602166,0.0,337.27,171.05,33010.7534
2018,02,Ancash,2,Costa Centro,6,8,968.2605590820312,3388.9119567871094,0.0,0.0,270.38,150.41,28394.9825
2018,02,Ancash,2,Costa Centro,7,53,6784.8134841918945,22303.733589172363,0.19862527375102698,0.005426560956772311,270.38,150.41,28807.44
2018,02,Ancash,2,Costa Centro,8,32,4444.684387207031,15050.387107849121,0.061643624170323985,0.0,270.38,150.41,29019.4321875
2018,02,Ancash,5,Sierra Centro,3,178,30711.087745666504,118499.76917266846,0.05344130007371436,0.016134154509779834,299.97,167.15,44541.24764044944
2018,02,Ancash,5,Sierra Centro,5,118,31742.838577270508,105132.30891418457,0.2388449216426263,0.022568631049437928,299.97,167.15,29527.910338983052
2018,02,Ancash,5,Sierra Centro,6,188,23419.13102722168,80094.83853149414,0.32194309574950225,0.056197203804721596,251.98,157.05,22444.071276595743
2018,02,Ancash,5,Sierra Centro,7,529,65405.925148010254,230412.54460906982,0.3789091459503935,0.07737372363564152,251.98,157.05,17381.72920604915
2018,02,Ancash,5,Sierra Centro,8,187,23623.589881896973,87172.39092254639,0.4918396401166778,0.13778083443551511,251.98,157.05,16380.994705882353
2018,03,Apurimac,6,Sierra Sur,3,110,17295.54355621338,63337.77311706543,0.23267223909081022,0.0,299.49,167.15,41010.021
2018,03,Apurimac,6,Sierra Sur,4,66,13172.731140136719,43058.69367980957,0.1371571337196697,0.035120921876801145,299.49,167.15,28811.317575757577
2018,03,Apurimac,6,Sierra Sur,5,74,28564.055450439453,96916.95474243164,0.33578551982533805,0.012080016607651288,299.49,167.15,19144.212162162163
2018,03,Apurimac,6,Sierra Sur,6,133,16976.783416748047,49561.29080963135,0.26864422240925445,0.01124173765846716,251.64,157.05,16813.48984962406
2018,03,Apurimac,6,Sierra Sur,7,470,60113.48836517334,188329.1455154419,0.389811938975467,0.052597615191530146,251.64,157.05,13538.05870212766
2018,03,Apurimac,6,Sierra Sur,8,97,11802.336296081543,31647.668296813965,0.3254125720840847,0.006685934048536605,251.64,157.05,12157.577835051547
2018,04,Arequipa,3,Costa Sur,4,135,12901.661441802979,43380.18897628784,0.17668464921105895,0.01215123343567053,346.92,171.05,42049.915555555555
2018,04,Arequipa,3,Costa Sur,5,230,32201.822147369385,109298.78712463379,0.12948639086818448,0.02648119528206191,346.92,171.05,34447.95273913044
2018,04,Arequipa,3,Costa Sur,6,74,3520.03173828125,8786.966400146484,0.045380267165452286,0.0,277.35,150.41,27790.290405405405
2018,04,Arequipa,3,Costa Sur,7,111,5980.768226623535,14452.843254089355,0.08803264936534438,0.0,277.35,150.41,35485.35558558559
2018,04,Arequipa,3,Costa Sur,8,84,4139.974296569824,12442.908966064453,0.0812739722045101,0.015263707809467607,277.35,150.41,35822.33511904762
2018,04,Arequipa,6,Sierra Sur,1,893,217463.741355896,786719.9406375885,0.03820398759381933,0.00532131731744207,307.68,167.15,55914.25416573348
2018,04,Arequipa,6,Sierra Sur,4,70,17403.957092285156,59880.436294555664,0.09087876413621744,0.01568118884145026,307.68,167.15,32727.691857142858
2018,04,Arequipa,6,Sierra Sur,5,139,62607.007385253906,217491.14714050293,0.1458148932818252,0.001891279358916867,307.68,167.15,39794.17474820144
2018,04,Arequipa,6,Sierra Sur,6,266,10459.606212615967,29835.864124298096,0.24970357135071392,0.0628658149967616,257.49,157.05,23694.72492481203
2018,04,Arequipa,6,Sierra Sur,7,256,10863.643390655518,33458.61366271973,0.2376336123149422,0.05015012892261387,257.49,157.05,28430.1055078125
2018,04,Arequipa,6,Sierra Sur,8,169,7086.277103424072,21193.28717803955,0.3579110565530856,0.11814004594163799,257.49,157.05,23846.78355029586
2018,05,Ayacucho,5,Sierra Centro,2,222,56825.24570465088,208844.4168357849,0.21259165523271434,0.011185068106061284,303.5,167.15,38307.68009009009
2018,05,Ayacucho,5,Sierra Centro,4,46,10304.986274719238,32428.586936950684,0.2605917947925232,0.0,303.5,167.15,24465.08347826087
2018,05,Ayacucho,5,Sierra Centro,5,165,48548.61006164551,137264.98217773438,0.37037760278836107,0.054669757813340075,303.5,167.15,19733.56593939394
2018,05,Ayacucho,5,Sierra Centro,6,130,18722.41273498535,57665.083908081055,0.40409089891891903,0.033321843423232765,254.51,157.05,13660.887076923076
2018,05,Ayacucho,5,Sierra Centro,7,372,53095.63333129883,169413.7664642334,0.49723602935822986,0.13120032113008617,254.51,157.05,12035.420322580645
2018,05,Ayacucho,5,Sierra Centro,8,144,21658.624481201172,64386.09913635254,0.5755366222053635,0.12652021604797675,254.51,157.05,11141.352013888889
2018,05,Ayacucho,7,Selva,5,60,8837.389572143555,33205.68202209473,0.47774333741026964,0.06172566369414298,324.38,179.79,25829.379
2018,05,Ayacucho,7,Selva,7,37,4742.517974853516,16076.792175292969,0.4124948529750684,0.13839019613517753,247.24,146.29,11129.467567567568
2018,05,Ayacucho,7,Selva,8,16,1969.27978515625,4795.208023071289,0.10062066910830006,0.0,247.24,146.29,10969.10375
2018,06,Cajamarca,1,Costa Norte,5,4,720.9255981445312,1982.545394897461,0.0,0.0,329.25,171.05,23469.77
2018,06,Cajamarca,1,Costa Norte,7,8,3235.800048828125,6471.60009765625,0.875,0.0,264.6,150.41,5173.65125
2018,06,Cajamarca,1,Costa Norte,8,8,3235.800048828125,9707.400146484375,0.4583333333333333,0.0,264.6,150.41,20285.76625
2018,06,Cajamarca,4,Sierra Norte,2,231,72363.09062957764,226649.13346862793,0.0878886545937435,0.006262016076821125,293.56,167.15,39633.505021645025
2018,06,Cajamarca,4,Sierra Norte,5,162,70279.33892822266,196686.1161956787,0.24234708063160315,0.0,293.56,167.15,26004.27086419753
2018,06,Cajamarca,4,Sierra Norte,6,52,16435.53857421875,50539.11965942383,0.33547511729927426,0.0694040375288864,247.4,157.05,17827.95673076923
2018,06,Cajamarca,4,Sierra Norte,7,565,180040.54022216797,566898.7996826172,0.6095783170488777,0.2197028202307246,247.4,157.05,10837.36446017699
2018,06,Cajamarca,4,Sierra Norte,8,151,49341.492584228516,145684.68383789062,0.6552446693299226,0.20270838128783608,247.4,157.05,9457.936622516556
2018,06,Cajamarca,7,Selva,3,67,39451.11553955078,111929.26260375977,0.2753070854801443,0.0,313.83,179.79,31027.558805970148
2018,06,Cajamarca,7,Selva,5,23,16881.03094482422,37292.44137573242,0.2816379613569791,0.08227156578549571,313.83,179.79,20368.862173913043
2018,06,Cajamarca,7,Selva,6,16,4615.730712890625,11998.572509765625,0.13444752735783816,0.0,239.88,146.29,17159.603125
2018,06,Cajamarca,7,Selva,7,153,45293.448486328125,144597.23532104492,0.3384623507888277,0.04835432072408154,239.88,146.29,14408.685359477124
2018,06,Cajamarca,7,Selva,8,27,9614.582122802734,37174.46255493164,0.5550569799168258,0.10553372601154076,239.88,146.29,10905.098148148149
2018,07,Callao,8,Lima Metropolitana,1,1011,279319.3299484253,1060971.1844787598,0.16035000778059594,0.00272442421225245,432.82,220.17,48972.292324431255
2018,08,Cusco,6,Sierra Sur,2,266,110097.66970062256,388374.00148010254,0.022610685227403227,0.0,308.04,167.15,50862.0180075188
2018,08,Cusco,6,Sierra Sur,4,76,37566.274322509766,142099.8875427246,0.30218070528289964,0.0,308.04,167.15,30140.164210526316
2018,08,Cusco,6,Sierra Sur,5,110,57983.64077758789,194452.04386901855,0.26543356399127327,0.0,308.04,167.15,28346.116545454544
2018,08,Cusco,6,Sierra Sur,6,84,17754.1456451416,60820.85968017578,0.15444369321239798,0.021693092707755175,257.75,157.05,18097.573095238095
2018,08,Cusco,6,Sierra Sur,7,439,93422.79104614258,332395.4677734375,0.4222320527285923,0.08475131323703361,257.75,157.05,13450.130091116172
2018,08,Cusco,6,Sierra Sur,8,118,25929.329360961914,89171.49429321289,0.3976944609342146,0.07554289907051712,257.75,157.05,13901.636610169491
2018,08,Cusco,7,Selva,4,40,12366.382316589355,31728.29183959961,0.002886070630920992,0.0,329.19,179.79,33985.03475
2018,08,Cusco,7,Selva,5,24,8896.746826171875,28266.03143310547,0.1674069803692426,0.0,329.19,179.79,23943.308333333334
2018,08,Cusco,7,Selva,6,8,1261.5283203125,3153.82080078125,0.3,0.0,250.6,146.29,15462.0225
2018,08,Cusco,7,Selva,7,109,21296.89340209961,67668.53619384766,0.19003683864795998,0.0,250.6,146.29,18135.35348623853
2018,08,Cusco,7,Selva,8,19,4664.0137939453125,19492.61196899414,0.22154853845406225,0.09846601709069433,250.6,146.29,21027.30894736842
2018,09,Huancavelica,5,Sierra Centro,4,103,16841.26940536499,55925.450523376465,0.10662687368332163,0.0,297.18,167.15,35644.00786407767
2018,09,Huancavelica,5,Sierra Centro,5,102,24066.033027648926,71812.92785644531,0.2966239420922796,0.0549315899946575,297.18,167.15,20669.909117647057
2018,09,Huancavelica,5,Sierra Centro,6,146,20193.86619567871,59289.28881072998,0.27387856948327677,0.018085504169492055,249.99,157.05,15689.639109589041
2018,09,Huancavelica,5,Sierra Centro,7,551,77740.8561706543,266766.24993133545,0.4682682592156721,0.12018804025468743,249.99,157.05,12322.830090744103
2018,09,Huancavelica,5,Sierra Centro,8,137,19505.420570373535,58105.97539520264,0.5128119979902376,0.14480554016524347,249.99,157.05,10914.11912408759
2018,10,Huanuco,5,Sierra Centro,2,247,49041.023986816406,183514.79564666748,0.12205251834719424,0.002563861313347438,301.66,167.15,47534.873036437246
2018,10,Huanuco,5,Sierra Centro,5,99,25053.2054977417,83776.50397872925,0.3117007996877907,0.06726449101237916,301.66,167.15,26826.54111111111
2018,10,Huanuco,5,Sierra Centro,6,69,13545.855361938477,39452.86669921875,0.2641262999419885,0.028938588672814455,253.19,157.05,18444.484057971014
2018,10,Huanuco,5,Sierra Centro,7,498,94208.80836486816,340052.4822845459,0.42924148451538446,0.11717803078253632,253.19,157.05,15412.890120481929
2018,10,Huanuco,5,Sierra Centro,8,107,20175.217697143555,66967.6605834961,0.39837241372638804,0.058870188298376015,253.19,157.05,13091.722523364486
2018,10,Huanuco,7,Selva,4,78,18373.28011894226,59392.13985443115,0.08324934695766673,0.0,322.43,179.79,31960.508846153847
2018,10,Huanuco,7,Selva,5,36,7020.696350097656,28477.82566833496,0.14171910690327783,0.0,322.43,179.79,37308.41805555556
2018,10,Huanuco,7,Selva,6,24,4227.4012451171875,12868.0439453125,0.18877957576745993,0.0,245.88,146.29,30977.64
2018,10,Huanuco,7,Selva,7,116,18895.44660949707,63259.2166595459,0.3018364935268165,0.09485263407166013,245.88,146.29,16216.776982758622
2018,10,Huanuco,7,Selva,8,14,2494.5556640625,11073.598937988281,0.3020662201414547,0.0,245.88,146.29,33228.59142857143
2018,11,Ica,2,Costa Centro,2,718,112923.87743067741,374472.8845398426,0.029099400529796045,0.0,358.33,171.05,41443.714470752086
2018,11,Ica,2,Costa Centro,3,162,38604.74642944336,134482.7634124756,0.022011843424237145,0.0,358.33,171.05,35095.07882716049
2018,11,Ica,2,Costa Centro,4,65,13369.511123657227,37494.8777923584,0.0319020056772395,0.0,358.33,171.05,32763.387230769233
2018,11,Ica,2,Costa Centro,5,318,61696.12138462067,209469.22698497772,0.04524465233809043,0.0,358.33,171.05,37460.72053459119
2018,11,Ica,2,Costa Centro,6,30,1707.7353515625,5100.104888916016,0.0,0.0,285.59,150.41,22941.459
2018,11,Ica,2,Costa Centro,7,147,8607.858345031738,27104.171657562256,0.0,0.0,285.59,150.41,29455.688095238096
2018,11,Ica,2,Costa Centro,8,94,5757.245620727539,18400.42022705078,0.012968739502047757,0.0,285.59,150.41,27446.61244680851
2018,11,Ica,5,Sierra Centro,6,4,412.2591247558594,824.5182495117188,0.125,0.0,264.01,157.05,14916.3175
2018,11,Ica,5,Sierra Centro,8,16,1143.50634765625,2358.4818420410156,0.0,0.0,264.01,157.05,9813.7675
2018,12,Junin,5,Sierra Centro,2,350,84070.53584289551,285279.66719055176,0.05690128954750069,0.006276723147193224,298.41,167.15,45730.83854285714
2018,12,Junin,5,Sierra Centro,4,38,13107.867553710938,40967.916107177734,0.11808241606629229,0.0,298.41,167.15,30042.63552631579
2018,12,Junin,5,Sierra Centro,5,249,136111.95932769775,432603.4571495056,0.18122729169588206,0.01895759095131632,298.41,167.15,27521.131365461846
2018,12,Junin,5,Sierra Centro,6,112,20780.54559326172,59896.851470947266,0.15439333648677497,0.04199809307691206,250.87,157.05,17356.948839285713
2018,12,Junin,5,Sierra Centro,7,279,50355.730041503906,160237.98384094238,0.31754851738840245,0.06840164529071889,250.87,157.05,16863.266917562723
2018,12,Junin,5,Sierra Centro,8,55,10604.726425170898,34937.70378112793,0.33969815367283485,0.05344393730093907,250.87,157.05,14017.935272727273
2018,12,Junin,7,Selva,4,94,30164.358291625977,96493.81964874268,0.13468770963897192,0.0035330008062250877,318.98,179.79,32150.622127659575
2018,12,Junin,7,Selva,5,48,23167.026489257812,75062.26927185059,0.3427867851983249,0.09801460352839511,318.98,179.79,26358.533958333333
2018,12,Junin,7,Selva,6,8,948.3585205078125,3319.2548217773438,0.0,0.0,243.47,146.29,27000.035
2018,12,Junin,7,Selva,7,277,42207.164291381836,162397.38543701172,0.43192366475599586,0.06348375158957001,243.47,146.29,16856.055054151624
2018,12,Junin,7,Selva,8,57,9662.66714477539,41433.96667480469,0.452513543373848,0.08328467069308898,243.47,146.29,18524.867192982456
2018,13,La Libertad,1,Costa Norte,1,562,223676.1326599121,850733.4669799805,0.09622761255198518,0.0023495456629691797,340.1,171.05,48603.65476868327
2018,13,La Libertad,1,Costa Norte,4,225,99123.48400878906,378360.1020812988,0.15234353435493997,0.0,340.1,171.05,38009.5016
2018,13,La Libertad,1,Costa Norte,5,160,61691.99838256836,207068.39952087402,0.22948466557482067,0.018366642246714346,340.1,171.05,30959.72425
2018,13,La Libertad,1,Costa Norte,7,62,11805.301513671875,51500.47383117676,0.30814323683894373,0.014278933211032015,272.43,150.41,28517.08935483871
2018,13,La Libertad,1,Costa Norte,8,22,6035.883010864258,16430.478271484375,0.08483295962677974,0.0,272.43,150.41,21305.68590909091
2018,13,La Libertad,4,Sierra Norte,4,51,6656.312614440918,28171.6124420166,0.2547972943840585,0.0353949472455073,302.23,167.15,33560.18156862745
2018,13,La Libertad,4,Sierra Norte,5,121,21947.353240966797,79393.4744644165,0.21922513058972976,0.03494822482831355,302.23,167.15,32023.267685950414
2018,13,La Libertad,4,Sierra Norte,6,32,7412.6373291015625,24832.465621948242,0.19489256490959445,0.0,253.6,157.05,21766.1621875
2018,13,La Libertad,4,Sierra Norte,7,276,64266.530822753906,247922.36584472656,0.5608402330265956,0.1893559755751039,253.6,157.05,15512.441884057971
2018,13,La Libertad,4,Sierra Norte,8,55,13672.43276977539,54699.29817199707,0.5699163777363706,0.10018946456614122,253.6,157.05,17194.13309090909
2018,14,Lambayeque,1,Costa Norte,2,577,129602.07805633545,513309.0948963165,0.045853307051104374,0.0,342.16,171.05,47446.5680762565
2018,14,Lambayeque,1,Costa Norte,4,249,62059.645095825195,245594.66567993164,0.1412833217680777,0.0,342.16,171.05,37078.57582329317
2018,14,Lambayeque,1,Costa Norte,5,242,80267.41296386719,317187.4203033447,0.15980754241431236,0.0051701758295406965,342.16,171.05,31256.73789256198
2018,14,Lambayeque,1,Costa Norte,6,16,2090.4577026367188,5359.416168212891,0.0,0.0,273.92,150.41,16558.59625
2018,14,Lambayeque,1,Costa Norte,7,273,38565.14926147461,159712.2266998291,0.19161571599995364,0.014921453983835615,273.92,150.41,27618.182271062273
2018,14,Lambayeque,1,Costa Norte,8,48,6707.049255371094,26518.62564086914,0.14862672613568143,0.0,273.92,150.41,20965.867916666666
2018,14,Lambayeque,4,Sierra Norte,7,24,5083.502685546875,17194.91729736328,0.4737681794105012,0.16297412844119738,254.78,157.05,13597.749166666666
2018,14,Lambayeque,4,Sierra Norte,8,8,1321.9334716796875,8096.842514038086,0.42857142857142855,0.24489795918367346,254.78,157.05,24747.39125
2018,15,Lima,2,Costa Centro,2,213,36524.60821533203,129513.34999084473,0.0873964355258516,0.0,338.67,171.05,44176.32103286385
2018,15,Lima,2,Costa Centro,3,368,76137.97811889648,280676.52404785156,0.14475467373179024,0.008495254169701674,338.67,171.05,38308.7041576087
2018,15,Lima,2,Costa Centro,4,153,33431.45341491699,120573.99011230469,0.16466496485170162,0.0,338.67,171.05,37836.253464052286
2018,15,Lima,2,Costa Centro,5,149,49278.559631347656,180324.50119018555,0.07880030928163816,0.011318355059216785,338.67,171.05,38336.976040268455
2018,15,Lima,2,Costa Centro,6,16,1588.1707763671875,3764.502342224121,0.0,0.0,271.4,150.41,20878.47375
2018,15,Lima,2,Costa Centro,7,177,21064.59792327881,70154.1775970459,0.1128099699661772,0.008151488140021384,271.4,150.41,31260.73474576271
2018,15,Lima,2,Costa Centro,8,40,4158.564208984375,16348.136459350586,0.07078438745570338,0.0,271.4,150.41,31380.2775
2018,15,Lima,5,Sierra Centro,5,87,17536.58055114746,55551.81488800049,0.22580856535198793,0.11843487710796513,301.09,167.15,33654.667931034484
2018,15,Lima,5,Sierra Centro,6,125,14388.869606018066,43148.23307800293,0.31653648189929046,0.0805075448195253,252.78,157.05,16677.74872
2018,15,Lima,5,Sierra Centro,7,54,5627.110130310059,16884.234825134277,0.12298657214465723,0.0,252.78,157.05,26813.810555555556
2018,15,Lima,5,Sierra Centro,8,85,9180.878311157227,31760.35140991211,0.3550726406169894,0.08283725145570528,252.78,157.05,23302.45694117647
2018,15,Lima,8,Lima Metropolitana,1,3052,2534935.3849487305,9392288.927001953,0.12798885488051032,0.0022694316845146873,432.82,220.17,64465.83369921363
2018,16,Loreto,7,Selva,2,571,99557.64443564415,438637.71096491814,0.15195348379515988,0.029422485814598547,312.58,179.79,54774.707232924695
2018,16,Loreto,7,Selva,4,133,28373.950424194336,115507.93910217285,0.2574013388967243,0.026483732359717488,312.58,179.79,36451.13443609023
2018,16,Loreto,7,Selva,5,189,40323.427658081055,181172.8541946411,0.42157968364072534,0.11013734134219548,312.58,179.79,31212.459153439155
2018,16,Loreto,7,Selva,6,31,2888.4588317871094,13743.14501953125,0.6122273347675,0.23611541457049556,239.01,146.29,19290.7164516129
2018,16,Loreto,7,Selva,7,487,55005.41234588623,277245.23222351074,0.5279796403750482,0.15557311365212056,239.01,146.29,14183.973531827514
2018,16,Loreto,7,Selva,8,77,8781.275253295898,43033.8409576416,0.5181702428479719,0.12293976187530276,239.01,146.29,13501.896883116882
2018,17,Madre de Dios,7,Selva,3,432,23947.355291366577,86057.08435869217,0.029281326085654286,0.0072959767121719785,312.38,179.79,47412.254837962966
2018,17,Madre de Dios,7,Selva,5,186,11169.508489608765,37634.41157436371,0.016891235164150163,0.0,312.38,179.79,38753.26629032258
2018,17,Madre de Dios,7,Selva,6,56,1128.3616180419922,3737.0777797698975,0.05129329185845735,0.0,238.86,146.29,34569.2425
2018,17,Madre de Dios,7,Selva,7,225,5564.2463092803955,19053.9948387146,0.05969982126672972,0.0,238.86,146.29,28585.72702222222
2018,17,Madre de Dios,7,Selva,8,86,1699.4296875,4681.771327018738,0.08024439086170294,0.01977739457205143,238.86,146.29,19127.70104651163
2018,18,Moquegua,3,Costa Sur,3,704,43229.673985004425,139302.64101076126,0.028009729711538787,0.0,339.66,171.05,47773.187571022725
2018,18,Moquegua,3,Costa Sur,7,7,509.7624282836914,1674.933692932129,0.0,0.0,272.12,150.41,39142.53
2018,18,Moquegua,3,Costa Sur,8,16,1026.869384765625,2076.0663528442383,0.0,0.0,272.12,150.41,47983.500625
2018,18,Moquegua,6,Sierra Sur,5,64,5006.812965393066,10296.705898284912,0.3828881528627538,0.02006375419601779,301.88,167.15,47351.6521875
2018,18,Moquegua,6,Sierra Sur,6,69,4498.131774902344,12124.53118133545,0.1838782104065264,0.0,253.35,157.05,20476.817826086957
2018,18,Moquegua,6,Sierra Sur,7,59,3560.464572906494,7258.754249572754,0.33283363486718426,0.038653639572427616,253.35,157.05,12893.143389830508
2018,18,Moquegua,6,Sierra Sur,8,78,5240.31954574585,12759.128158569336,0.2846144733215645,0.04554262570109673,253.35,157.05,15768.269871794872
2018,19,Pasco,5,Sierra Centro,3,285,18728.316164016724,68386.9054775238,0.1803593027633985,0.009544935863833147,300.09,167.15,35955.696842105266
2018,19,Pasco,5,Sierra Centro,5,217,35989.53112411499,110234.33418083191,0.38783212110266474,0.03764511752737905,300.09,167.15,19650.58188940092
2018,19,Pasco,5,Sierra Centro,6,55,2716.7410278320312,7451.191783905029,0.29329339383077574,0.06828995054203602,252.07,157.05,14960.045454545456
2018,19,Pasco,5,Sierra Centro,7,254,13047.687343597412,41879.44379425049,0.5607739037018955,0.15492015857647723,252.07,157.05,13501.397992125983
2018,19,Pasco,5,Sierra Centro,8,56,2613.335662841797,8351.70722579956,0.3508261275722903,0.11137473213230349,252.07,157.05,19497.351785714287
2018,19,Pasco,7,Selva,5,88,10640.970825195312,34087.00702667236,0.18404748746180824,0.020623780551504527,320.76,179.79,32907.623181818184
2018,19,Pasco,7,Selva,6,24,909.2946929931641,2941.632837295532,0.1009254961623768,0.0,244.71,146.29,27567.35125
2018,19,Pasco,7,Selva,7,196,7362.194746017456,29119.067726135254,0.4852076308272563,0.059164605132544214,244.71,146.29,15190.218673469388
2018,19,Pasco,7,Selva,8,104,4149.153610229492,14858.144981384277,0.44707357715520596,0.05423508525908201,244.71,146.29,12263.758557692308
2018,20,Piura,1,Costa Norte,2,560,159975.82234668732,646629.5337905884,0.1409580137033717,0.008464367102648463,346.69,171.05,49248.35494642857
2018,20,Piura,1,Costa Norte,3,258,78767.88528442383,312707.1210899353,0.2351592638939712,0.004084888290277172,346.69,171.05,38220.09449612403
2018,20,Piura,1,Costa Norte,4,164,63199.92922973633,251556.60815429688,0.2973337814743287,0.03176673488607629,346.69,171.05,29333.088780487804
2018,20,Piura,1,Costa Norte,5,127,65600.26071166992,255490.97467041016,0.3238713596726094,0.0,346.69,171.05,31138.883543307085
2018,20,Piura,1,Costa Norte,6,23,4186.423965454102,11269.523529052734,0.180298616539076,0.04699888131151693,277.19,150.41,22011.218695652173
2018,20,Piura,1,Costa Norte,7,251,44106.48002624512,177563.45695495605,0.46249684632445753,0.04405200610192045,277.19,150.41,19708.549601593626
2018,20,Piura,1,Costa Norte,8,78,16204.648132324219,64518.53381347656,0.454199201744183,0.11257494096961211,277.19,150.41,16848.541282051283
2018,20,Piura,4,Sierra Norte,5,48,5858.393646240234,19994.849411010742,0.12628709188963338,0.028091420158983797,307.5,167.15,35762.705625
2018,20,Piura,4,Sierra Norte,6,8,2188.1875,6564.5625,0.2916666666666667,0.16666666666666666,257.36,157.05,22274.1525
2018,20,Piura,4,Sierra Norte,7,112,28711.43276977539,103515.6382446289,0.5921341942847169,0.18656202757431606,257.36,157.05,13396.80017857143
2018,20,Piura,4,Sierra Norte,8,32,8572.612075805664,36464.471908569336,0.491892283293323,0.17164802444208105,257.36,157.05,19726.3915625
2018,21,Puno,6,Sierra Sur,2,413,123012.75265693665,461311.9327201843,0.15982281273840723,0.007779508078329703,311.81,167.15,38686.900605326875
2018,21,Puno,6,Sierra Sur,4,27,10538.656036376953,40251.891830444336,0.4084972254739111,0.0,311.81,167.15,26178.55851851852
2018,21,Puno,6,Sierra Sur,5,219,108437.8578491211,355039.7272491455,0.31804598000187734,0.02598787901404044,311.81,167.15,20885.177671232876
2018,21,Puno,6,Sierra Sur,6,94,16840.07211303711,51376.43614196777,0.4473145253586039,0.0918273190105836,260.44,157.05,12899.794787234043
2018,21,Puno,6,Sierra Sur,7,785,137682.89894104004,411336.4089050293,0.5689160800567439,0.12923830982523984,260.44,157.05,10704.595656050955
2018,21,Puno,6,Sierra Sur,8,262,48015.698486328125,140037.88551330566,0.5568725730437066,0.13266163167439846,260.44,157.05,10688.222251908397
2018,21,Puno,7,Selva,7,22,4117.177551269531,16631.71028137207,0.43948148058135955,0.17982905152024184,253.39,146.29,14499.920454545456
2018,21,Puno,7,Selva,8,16,3087.31591796875,7911.247039794922,0.43902439024390244,0.0975609756097561,253.39,146.29,8964.89375
2018,22,San Martin,7,Selva,2,263,35298.085845947266,125252.90888977051,0.12807819597096756,0.0,311.98,179.79,57102.55079847909
2018,22,San Martin,7,Selva,4,208,32552.088188171387,120592.11210632324,0.1599378946352009,0.0,311.98,179.79,49307.85985576923
2018,22,San Martin,7,Selva,5,320,97502.79190063477,349317.572227478,0.2659914237954439,0.041364323682872,311.98,179.79,30170.92246875
2018,22,San Martin,7,Selva,6,78,10311.604148864746,38574.79405212402,0.2543818192414039,0.045291368425449466,238.58,146.29,21874.22641025641
2018,22,San Martin,7,Selva,7,420,56078.518211364746,222661.5299835205,0.3373862560698464,0.03819310862642648,238.58,146.29,18832.263023809523
2018,22,San Martin,7,Selva,8,53,6857.519119262695,23179.238388061523,0.24863941916025772,0.02677520800070113,238.58,146.29,17688.484716981133
2018,23,Tacna,3,Costa Sur,2,931,87259.48438835144,303647.85019207,0.12542763268787951,0.0006945125329075542,340.22,171.05,41827.14165413534
2018,23,Tacna,3,Costa Sur,6,41,1773.7411460876465,5112.413064956665,0.052752867765528254,0.0,272.52,150.41,35234.91243902439
2018,23,Tacna,3,Costa Sur,7,61,3706.2084999084473,11203.722003936768,0.2206162784700668,0.038991923857042025,272.52,150.41,22273.920163934425
2018,23,Tacna,3,Costa Sur,8,48,2789.7251052856445,8344.17868423462,0.0341206432440136,0.0,272.52,150.41,27697.134791666667
2018,23,Tacna,6,Sierra Sur,5,145,3486.2467651367188,8265.832401275635,0.12763531371637807,0.017515183201004137,302.33,167.15,59177.379655172415
2018,23,Tacna,6,Sierra Sur,6,61,3169.375663757324,8176.869812011719,0.31803815761958654,0.09047370579727891,253.67,157.05,13949.210163934426
2018,23,Tacna,6,Sierra Sur,7,52,2744.9241333007812,7567.180675506592,0.29322309662873197,0.15899983528231051,253.67,157.05,19586.130769230767
2018,23,Tacna,6,Sierra Sur,8,32,1505.6867370605469,4350.777069091797,0.3299934711762768,0.20927592105012952,253.67,157.05,18514.0109375
2018,24,Tumbes,1,Costa Norte,3,354,26402.20588874817,98318.0059337616,0.10378931812389335,0.0,341.28,171.05,41911.75790960452
2018,24,Tumbes,1,Costa Norte,5,330,37216.182538986206,138737.4725341797,0.1134602773731924,0.007404227357679285,341.28,171.05,36989.64748484849
2018,24,Tumbes,1,Costa Norte,6,16,218.97869110107422,721.6526031494141,0.22927287237500985,0.0,273.28,150.41,25858.179375
2018,24,Tumbes,1,Costa Norte,7,93,1463.941104888916,4838.88036441803,0.10299580164981091,0.0,273.28,150.41,28087.051290322583
2018,24,Tumbes,1,Costa Norte,8,71,1116.9625072479248,3359.415454864502,0.06301070303585382,0.00333189034713716,273.28,150.41,21793.284366197182
2018,25,Ucayali,7,Selva,2,583,83941.24167251587,344760.75146102905,0.062080443080652886,0.0,320.42,179.79,39518.76667238422
2018,25,Ucayali,7,Selva,5,222,18237.404640197754,71458.13778305054,0.10431528134064827,0.007469788287306029,320.42,179.79,29789.25716216216
2018,25,Ucayali,7,Selva,6,8,624.7578735351562,2342.842025756836,0.0,0.0,244.47,146.29,18183.83875
2018,25,Ucayali,7,Selva,7,318,20474.980682373047,85561.02337646484,0.2679116007798645,0.06748730644973873,244.47,146.29,18144.76688679245
2018,25,Ucayali,7,Selva,8,37,2394.2050399780273,9002.27261352539,0.3094478398770216,0.03842577691249967,244.47,146.29,15672.518108108108
2019,01,Amazonas,4,Sierra Norte,4,155,12022.308982849121,39671.386154174805,0.08763994641443608,0.016420098629620034,302.62,171.69,44871.459677419356
2019,01,Amazonas,4,Sierra Norte,5,44,6730.8985595703125,24235.822929382324,0.4931397694705314,0.0,302.62,171.69,18912.01409090909
2019,01,Amazonas,4,Sierra Norte,6,68,4633.298278808594,13696.219734191895,0.29033110864459905,0.035202418050564184,254.93,161.35,21447.46220588235
2019,01,Amazonas,4,Sierra Norte,7,130,8760.057113647461,32722.414070129395,0.48778030470573547,0.10274180473998464,254.93,161.35,16833.30546153846
2019,01,Amazonas,4,Sierra Norte,8,68,4448.952911376953,15231.925247192383,0.5065819307985215,0.08000088732217239,254.93,161.35,14716.649852941177
2019,01,Amazonas,7,Selva,4,137,25063.87644958496,82711.85997009277,0.186966730262926,0.002968869087128402,323.88,185.03,33957.03576642336
2019,01,Amazonas,7,Selva,5,98,21293.78042602539,75994.63236999512,0.23439489099482283,0.05273679841328435,323.88,185.03,31839.727959183674
2019,01,Amazonas,7,Selva,6,56,4494.719909667969,13135.110607147217,0.23318117601659705,0.0,247.64,150.7,19647.814821428572
2019,01,Amazonas,7,Selva,7,379,28781.537384033203,114888.24338150024,0.38176809058213806,0.04746937283288698,247.64,150.7,18656.024432717677
2019,01,Amazonas,7,Selva,8,94,7278.040245056152,27339.2947845459,0.39332528205127093,0.06695892520429932,247.64,150.7,19717.60010638298
2019,02,Ancash,2,Costa Centro,2,397,105366.8246049881,394702.33452272415,0.029853406478254768,0.0,344.5,174.19,43763.255743073045
2019,02,Ancash,2,Costa Centro,4,30,10929.365478515625,44886.56701660156,0.08748456330854634,0.08748456330854634,344.5,174.19,45077.208
2019,02,Ancash,2,Costa Centro,5,87,21532.718368530273,84826.03262329102,0.14030146802384766,0.0,344.5,174.19,34503.54057471264
2019,02,Ancash,2,Costa Centro,6,8,1392.5225830078125,5396.025009155273,0.0,0.0,276.0,153.07,32699.06625
2019,02,Ancash,2,Costa Centro,7,29,4990.502838134766,15326.930679321289,0.263086871329186,0.0,276.0,153.07,22754.301379310346
2019,02,Ancash,2,Costa Centro,8,24,4555.3653564453125,19664.72721862793,0.16327317314973655,0.07143201325300974,276.0,153.07,33152.18791666667
2019,02,Ancash,5,Sierra Centro,3,154,30706.081024169922,121136.58422851562,0.029547089576977437,0.0,307.77,171.69,51098.83766233766
2019,02,Ancash,5,Sierra Centro,5,99,29822.797576904297,101118.50244140625,0.18100903848320213,0.029670343514664854,307.77,171.69,35329.69222222222
2019,02,Ancash,5,Sierra Centro,6,117,22458.97639465332,67098.25930786133,0.29773658881938253,0.01545015941074906,258.62,161.35,23695.23846153846
2019,02,Ancash,5,Sierra Centro,7,350,66594.95182800293,235093.98861694336,0.385148390706616,0.07136016171954127,258.62,161.35,19316.090257142856
2019,02,Ancash,5,Sierra Centro,8,126,24287.412841796875,87782.89683532715,0.44668635734217704,0.08347444212761375,258.62,161.35,21252.095317460316
2019,03,Apurimac,6,Sierra Sur,3,110,20123.341682434082,70704.30959320068,0.10134669071600619,0.013979631110218448,305.8,171.69,42134.671727272726
2019,03,Apurimac,6,Sierra Sur,4,67,18526.693603515625,54492.4398727417,0.23902777150542484,0.07599070596766315,305.8,171.69,30684.01895522388
2019,03,Apurimac,6,Sierra Sur,5,76,24505.891510009766,85389.96769714355,0.2550503525281686,0.026924112214443807,305.8,171.69,23289.18894736842
2019,03,Apurimac,6,Sierra Sur,6,133,16395.46949005127,50010.28681182861,0.3243460314986011,0.06386299738928239,257.2,161.35,19670.79804511278
2019,03,Apurimac,6,Sierra Sur,7,477,59330.7001953125,185148.89305114746,0.36214466337344425,0.0672932589257256,257.2,161.35,16653.92358490566
2019,03,Apurimac,6,Sierra Sur,8,96,11932.585426330566,33385.018310546875,0.4229592014986138,0.03811873955789327,257.2,161.35,15423.474583333333
2019,04,Arequipa,3,Costa Sur,4,131,20703.962364196777,62381.15486907959,0.1228346037188277,0.0,354.18,174.19,39606.779083969464
2019,04,Arequipa,3,Costa Sur,5,189,27925.420387268066,89864.40754699707,0.15540664936443682,0.00704361808054951,354.18,174.19,35447.65264550265
2019,04,Arequipa,3,Costa Sur,6,31,3243.364471435547,10111.214233398438,0.0,0.0,282.99,153.07,33217.47967741935
2019,04,Arequipa,3,Costa Sur,7,52,5810.568023681641,16234.074485778809,0.07053049860414984,0.0,282.99,153.07,36601.901730769234
2019,04,Arequipa,3,Costa Sur,8,27,2567.7121810913086,8481.27749633789,0.1766273793680165,0.0,282.99,153.07,37192.46444444444
2019,04,Arequipa,6,Sierra Sur,1,730,258344.72339630127,929147.3459396362,0.021630388092712664,0.00046569678062933004,315.51,171.69,55415.133164383566
2019,04,Arequipa,6,Sierra Sur,4,63,12092.283828735352,40710.64764404297,0.0976135620814238,0.0,315.51,171.69,41398.102698412695
2019,04,Arequipa,6,Sierra Sur,5,117,30857.76284790039,109983.30560302734,0.0687913477828907,0.0,315.51,171.69,42655.875384615385
2019,04,Arequipa,6,Sierra Sur,6,68,8798.038932800293,25608.151573181152,0.25279113831454686,0.05395991054513974,264.15,161.35,19165.950441176472
2019,04,Arequipa,6,Sierra Sur,7,97,11959.661804199219,35013.745460510254,0.2220449521358401,0.02998818575942284,264.15,161.35,35306.83659793814
2019,04,Arequipa,6,Sierra Sur,8,55,6934.615882873535,20466.353218078613,0.5299602526178286,0.09649588810522429,264.15,161.35,21560.910545454546
2019,05,Ayacucho,5,Sierra Centro,2,210,59138.70036315918,200175.1405029297,0.18868453456137302,0.0,312.02,171.69,36523.09104761905
2019,05,Ayacucho,5,Sierra Centro,4,45,13143.168029785156,43162.71600341797,0.25969765934680833,0.06432291152114121,312.02,171.69,25362.756444444443
2019,05,Ayacucho,5,Sierra Centro,5,158,52150.024963378906,141848.19996643066,0.3548703980735964,0.035243861331888844,312.02,171.69,21137.360126582276
2019,05,Ayacucho,5,Sierra Centro,6,131,19091.9598236084,56557.58018493652,0.41116299859445726,0.04855033258184314,261.65,161.35,15052.664732824427
2019,05,Ayacucho,5,Sierra Centro,7,368,53886.10105895996,167686.38130187988,0.6451984873952373,0.19048703866769284,261.65,161.35,10437.241385869565
2019,05,Ayacucho,5,Sierra Centro,8,145,20863.497512817383,60104.379470825195,0.4723743595924137,0.16926624022335485,261.65,161.35,11089.604689655172
2019,05,Ayacucho,7,Selva,5,59,9738.996528625488,35670.68543243408,0.4640427553183445,0.06235390341789753,333.85,185.03,18681.440169491525
2019,05,Ayacucho,7,Selva,7,37,4013.3025436401367,14847.15258026123,0.5153367873938876,0.0,254.6,150.7,15337.566756756756
2019,05,Ayacucho,7,Selva,8,16,1550.1885986328125,6103.867607116699,0.3968253968253968,0.25396825396825395,254.6,150.7,22978.314375
2019,06,Cajamarca,1,Costa Norte,5,3,870.560302734375,2031.307373046875,0.0,0.0,335.57,174.19,42718.80333333333
2019,06,Cajamarca,1,Costa Norte,7,8,2779.304443359375,6253.434997558594,0.1111111111111111,0.0,269.55,153.07,14363.78875
2019,06,Cajamarca,1,Costa Norte,8,8,2779.304443359375,9727.565551757812,0.7142857142857143,0.10714285714285714,269.55,153.07,16841.23625
2019,06,Cajamarca,4,Sierra Norte,2,221,71927.2921333313,242351.20637130737,0.10973841505630155,0.0,300.64,171.69,43746.388054298644
2019,06,Cajamarca,4,Sierra Norte,5,164,70000.97885131836,196322.91494750977,0.2038990568199546,0.051459608059755954,300.64,171.69,27438.733719512195
2019,06,Cajamarca,4,Sierra Norte,6,49,15647.061828613281,48121.593505859375,0.373236507046382,0.0952643325042179,253.52,161.35,21344.3293877551
2019,06,Cajamarca,4,Sierra Norte,7,558,179607.7448425293,565599.4862670898,0.5878766100242676,0.2392149802452086,253.52,161.35,12460.139534050179
2019,06,Cajamarca,4,Sierra Norte,8,146,47703.13250732422,142752.1734008789,0.4765961060593306,0.09887359553301187,253.52,161.35,12446.243424657534
2019,06,Cajamarca,7,Selva,3,67,37119.348892211914,116575.7310180664,0.18723259874483802,0.0,321.78,185.03,37442.38044776119
2019,06,Cajamarca,7,Selva,5,23,15009.188537597656,37469.82214355469,0.08068337174841643,0.0,321.78,185.03,18120.615652173914
2019,06,Cajamarca,7,Selva,6,14,4123.322036743164,12420.360855102539,0.4428817752572727,0.13840055476789773,246.17,150.7,24829.160714285714
2019,06,Cajamarca,7,Selva,7,154,45981.8390045166,141674.25057983398,0.34504878846089354,0.04810914387336837,246.17,150.7,12936.592987012988
2019,06,Cajamarca,7,Selva,8,27,9952.68667602539,37016.544372558594,0.5276796859515,0.0,246.17,150.7,12406.963333333333
2019,07,Callao,8,Lima Metropolitana,1,1009,289852.7886199951,1069415.0034866333,0.14344443532374404,0.005332151463452121,441.15,223.84,48908.93365708622
2019,08,Cusco,6,Sierra Sur,2,252,104786.9807510376,363638.34689331055,0.02891059719041124,0.0,315.13,171.69,48636.274404761905
2019,08,Cusco,6,Sierra Sur,4,78,41816.93923950195,148296.05323791504,0.16555074315215487,0.03196649185283043,315.13,171.69,29837.43294871795
2019,08,Cusco,6,Sierra Sur,5,109,66799.9905090332,226439.32870483398,0.3357499453976793,0.04502966422307226,315.13,171.69,30700.624678899083
2019,08,Cusco,6,Sierra Sur,6,87,19649.89402770996,58868.80305480957,0.32245229131727776,0.011328780156857409,263.87,161.35,19328.384022988506
2019,08,Cusco,6,Sierra Sur,7,433,98445.7671508789,326694.535446167,0.3884096922100488,0.08355997249229152,263.87,161.35,12625.144203233256
2019,08,Cusco,6,Sierra Sur,8,117,26447.6436920166,87448.1378326416,0.3227426997549687,0.03892730235655243,263.87,161.35,13864.700598290598
2019,08,Cusco,7,Selva,4,37,10786.029428482056,32033.986597061157,0.04416509107476087,0.0,337.14,185.03,36610.82243243243
2019,08,Cusco,7,Selva,5,24,7854.185485839844,27716.517211914062,0.055424481086102845,0.0,337.14,185.03,33333.52
2019,08,Cusco,7,Selva,6,8,1054.1220703125,2898.835693359375,0.18181818181818182,0.0,256.89,150.7,29935.73
2019,08,Cusco,7,Selva,7,109,18355.492111206055,58962.51760864258,0.16513840331262197,0.0,256.89,150.7,17467.630642201835
2019,08,Cusco,7,Selva,8,24,4868.9547119140625,25052.560134887695,0.5570659480100937,0.12203397283679922,256.89,150.7,23370.7675
2019,09,Huancavelica,5,Sierra Centro,4,106,16978.458362579346,59496.61856842041,0.18975402198212396,0.0,304.56,171.69,36127.89028301887
2019,09,Huancavelica,5,Sierra Centro,5,101,24569.06214904785,72305.56790161133,0.1896149753501385,0.0,304.56,171.69,21156.191584158416
2019,09,Huancavelica,5,Sierra Centro,6,147,20864.053588867188,63504.3454284668,0.28870001663613204,0.06310150166384555,256.32,161.35,18782.715714285714
2019,09,Huancavelica,5,Sierra Centro,7,537,76892.63961791992,253164.39555358887,0.455675651180347,0.09390910005244134,256.32,161.35,12952.567541899441
2019,09,Huancavelica,5,Sierra Centro,8,141,20091.150482177734,63918.694107055664,0.4760311647530158,0.03983102444171662,256.32,161.35,11840.717872340427
2019,10,Huanuco,5,Sierra Centro,2,238,49189.3402633667,177785.1112060547,0.1139365958404768,0.0,310.14,171.69,47474.89617647059
2019,10,Huanuco,5,Sierra Centro,5,97,26039.358520507812,90953.13642883301,0.31074619814221566,0.007133262724870455,310.14,171.69,26580.185154639174
2019,10,Huanuco,5,Sierra Centro,6,72,13259.9013671875,39216.69970703125,0.2155179659168188,0.023801899127545274,260.31,161.35,19151.52763888889
2019,10,Huanuco,5,Sierra Centro,7,496,93263.18673706055,337253.8930206299,0.39511374724569576,0.07389776105684333,260.31,161.35,17185.81193548387
2019,10,Huanuco,5,Sierra Centro,8,105,19662.261337280273,70290.37785339355,0.4232388379769059,0.021304515456292316,260.31,161.35,16764.181523809522
2019,10,Huanuco,7,Selva,4,76,19481.231113433838,61211.33967590332,0.11178214336661597,0.0,331.85,185.03,36385.41039473684
2019,10,Huanuco,7,Selva,5,38,7675.971710205078,27966.978424072266,0.25526667738072695,0.0,331.85,185.03,35437.29342105263
2019,10,Huanuco,7,Selva,6,24,3883.2353515625,14159.594131469727,0.28925500955312167,0.0,253.2,150.7,25097.120833333334
2019,10,Huanuco,7,Selva,7,117,19670.899139404297,62945.51063537598,0.337569576935003,0.06765628623671652,253.2,150.7,18042.317264957266
2019,10,Huanuco,7,Selva,8,14,2508.2860412597656,10867.902847290039,0.26320131489704507,0.0,253.2,150.7,20200.407142857144
2019,11,Ica,2,Costa Centro,2,725,111116.55614757538,392980.3196525574,0.016807603849230513,0.0,369.1,174.19,45286.08074482759
2019,11,Ica,2,Costa Centro,3,165,38340.60908508301,145527.94973754883,0.06277048415617369,0.0,369.1,174.19,36983.956787878786
2019,11,Ica,2,Costa Centro,4,64,14707.998748779297,42639.952575683594,0.0,0.0,369.1,174.19,37631.54046875
2019,11,Ica,2,Costa Centro,5,317,55034.69577503204,184462.68488311768,0.02348545107818039,0.0,369.1,174.19,42763.21400630915
2019,11,Ica,2,Costa Centro,6,30,1768.965591430664,5888.687835693359,0.0,0.0,293.76,153.07,32516.321666666667
2019,11,Ica,2,Costa Centro,7,145,8749.312713623047,24537.467658996582,0.028360998734857073,0.0,293.76,153.07,27695.640344827585
2019,11,Ica,2,Costa Centro,8,96,5704.2249755859375,18005.889057159424,0.0,0.0,293.76,153.07,32851.68666666667
2019,11,Ica,5,Sierra Centro,6,8,349.3998107910156,1397.5992431640625,0.0,0.0,272.67,161.35,25312.86625
2019,11,Ica,5,Sierra Centro,8,13,750.5724487304688,1646.400676727295,0.1856928503272099,0.0,272.67,161.35,17094.066153846154
2019,12,Junin,5,Sierra Centro,2,351,86629.78883361816,287571.2154331207,0.08181474425216942,0.004864107844307054,306.51,171.69,44189.179943019946
2019,12,Junin,5,Sierra Centro,4,40,16734.248016357422,43717.19374084473,0.2603717316125912,0.0,306.51,171.69,29990.76325
2019,12,Junin,5,Sierra Centro,5,248,140962.74353027344,446218.75061035156,0.1660564541335609,0.013531280620892022,306.51,171.69,29099.622903225805
2019,12,Junin,5,Sierra Centro,6,107,20520.39259338379,57196.22410583496,0.16432337353287393,0.0035822102588050717,257.71,161.35,18605.236261682243
2019,12,Junin,5,Sierra Centro,7,282,52653.86357116699,163594.26795959473,0.283365479416525,0.03529400724026648,257.71,161.35,16487.310673758864
2019,12,Junin,5,Sierra Centro,8,55,10410.258560180664,29583.136016845703,0.4804698223870574,0.03896079676585018,257.71,161.35,14948.52690909091
2019,12,Junin,7,Selva,4,93,37162.24223327637,121341.38314819336,0.21305993065451612,0.0,328.0,185.03,30531.463655913976
2019,12,Junin,7,Selva,5,49,16534.694763183594,56985.67987060547,0.1662838200899394,0.0,328.0,185.03,32657.02224489796
2019,12,Junin,7,Selva,6,8,945.1945190429688,3071.8821868896484,0.0,0.0,250.51,150.7,28001.93625
2019,12,Junin,7,Selva,7,277,41670.316146850586,163647.29823303223,0.34457291079376284,0.050628916982707536,250.51,150.7,17883.360288808664
2019,12,Junin,7,Selva,8,61,9971.848419189453,40136.07141876221,0.529318668472678,0.13866332215003316,250.51,150.7,18164.919016393444
2019,13,La Libertad,1,Costa Norte,1,577,227885.43481063843,856293.2363300323,0.1241962347720793,0.004215153117361598,347.83,174.19,49195.64109185442
2019,13,La Libertad,1,Costa Norte,4,223,106414.71691894531,407273.0698547363,0.19547061263290363,0.01960587886406531,347.83,174.19,39892.659686098654
2019,13,La Libertad,1,Costa Norte,5,161,61451.16647338867,201485.73330688477,0.2341029251152497,0.018178057282505395,347.83,174.19,30956.159875776397
2019,13,La Libertad,1,Costa Norte,7,64,13310.33447265625,46933.01788330078,0.2782909561943036,0.01693611604277838,278.41,153.07,29507.5521875
2019,13,La Libertad,1,Costa Norte,8,23,7063.777618408203,20306.861053466797,0.14380353453380493,0.0,278.41,153.07,18767.628260869566
2019,13,La Libertad,4,Sierra Norte,4,52,8086.014236450195,30657.000701904297,0.13334330242189862,0.0,310.44,171.69,45805.995192307695
2019,13,La Libertad,4,Sierra Norte,5,116,23452.191638946533,79751.36279296875,0.256432455416505,0.07709149740173608,310.44,171.69,32341.9600862069
2019,13,La Libertad,4,Sierra Norte,6,30,6969.689147949219,19642.41226196289,0.34497622760545676,0.03435715908564872,260.52,161.35,24210.543
2019,13,La Libertad,4,Sierra Norte,7,283,66436.810546875,253884.87271118164,0.668072200067728,0.34858832331528694,260.52,161.35,16288.968445229682
2019,13,La Libertad,4,Sierra Norte,8,56,13347.089233398438,50417.669662475586,0.7200947004823642,0.2340385290531567,260.52,161.35,21775.012142857144
2019,14,Lambayeque,1,Costa Norte,2,572,138007.47660160065,534934.2839803696,0.06386517309160127,0.0,347.71,174.19,46501.49769230769
2019,14,Lambayeque,1,Costa Norte,4,254,69004.51135253906,278305.28050231934,0.12905492142423944,0.011777273148439564,347.71,174.19,39225.81940944882
2019,14,Lambayeque,1,Costa Norte,5,238,72918.08749389648,277331.8078613281,0.09408997829998991,0.0,347.71,174.19,32727.791890756303
2019,14,Lambayeque,1,Costa Norte,6,16,2220.4464111328125,5169.508041381836,0.0,0.0,278.32,153.07,17373.0125
2019,14,Lambayeque,1,Costa Norte,7,271,39177.835052490234,158711.42655944824,0.1368545738288032,0.0,278.32,153.07,27561.900959409595
2019,14,Lambayeque,1,Costa Norte,8,48,6860.322265625,26796.835540771484,0.0564250426585051,0.0,278.32,153.07,29728.891875
2019,14,Lambayeque,4,Sierra Norte,7,21,5204.2982177734375,19049.76495361328,0.6561274402745284,0.02378961874917275,260.45,161.35,12600.319047619048
2019,14,Lambayeque,4,Sierra Norte,8,8,1539.398193359375,7312.141418457031,0.23684210526315788,0.0,260.45,161.35,21274.91375
2019,15,Lima,2,Costa Centro,2,208,38633.930629730225,136800.13537216187,0.11616916939542128,0.0,345.48,174.19,38318.6625
2019,15,Lima,2,Costa Centro,3,384,82722.06413269043,295773.0620422363,0.11970908273346959,0.00695947484853534,345.48,174.19,37577.507786458336
2019,15,Lima,2,Costa Centro,4,157,36592.293853759766,139561.83618164062,0.17230466529907382,0.0,345.48,174.19,38032.65242038217
2019,15,Lima,2,Costa Centro,5,154,39488.22091674805,147965.5227508545,0.10216380580400806,0.0,345.48,174.19,39605.96058441558
2019,15,Lima,2,Costa Centro,6,15,1352.1088485717773,4569.710899353027,0.0,0.0,276.7,153.07,31428.928666666667
2019,15,Lima,2,Costa Centro,7,181,18928.86548614502,68643.94253540039,0.16447683632323445,0.01608671965200023,276.7,153.07,33011.50486187845
2019,15,Lima,2,Costa Centro,8,42,3806.0796279907227,14422.687004089355,0.14588989167506344,0.0,276.7,153.07,25569.604523809525
2019,15,Lima,5,Sierra Centro,5,86,17028.4973487854,54866.462533950806,0.11336459226260331,0.0,308.55,171.69,35198.455465116276
2019,15,Lima,5,Sierra Centro,6,127,14967.388076782227,39991.90043640137,0.3841695151034625,0.10540434360345503,259.17,161.35,16012.59401574803
2019,15,Lima,5,Sierra Centro,7,53,6266.461807250977,16922.414222717285,0.15118745289613977,0.027475708616176733,259.17,161.35,20965.17
2019,15,Lima,5,Sierra Centro,8,86,10036.307945251465,33239.49895477295,0.2989565523089421,0.11824524819094855,259.17,161.35,27171.946046511628
2019,15,Lima,8,Lima Metropolitana,1,3021,2593911.309387207,9505194.868133545,0.14183267220622542,0.004390758978995096,441.15,223.84,64603.000532936116
2019,16,Loreto,7,Selva,2,544,104332.8714158535,450957.71685385704,0.14406476190219894,0.015524432239795407,322.92,185.03,52894.23794117647
2019,16,Loreto,7,Selva,4,138,26236.7303314209,111272.94856262207,0.2886500745725888,0.03903035107288715,322.92,185.03,36593.839420289856
2019,16,Loreto,7,Selva,5,183,39745.7865524292,184554.61878967285,0.3644614883626129,0.08000810090706079,322.92,185.03,35105.658415300546
2019,16,Loreto,7,Selva,6,30,2823.867820739746,12589.39810180664,0.5786683185150076,0.14246388482224942,246.97,150.7,23489.554333333333
2019,16,Loreto,7,Selva,7,493,55616.43704986572,275824.5378265381,0.5504577155880186,0.1377147616400629,246.97,150.7,15498.888255578093
2019,16,Loreto,7,Selva,8,80,9153.268730163574,41015.59037780762,0.5528576149307769,0.23024479814934784,246.97,150.7,14720.947375
2019,17,Madre de Dios,7,Selva,3,255,21907.368816375732,84590.08619308472,0.09234696514267736,0.0,319.37,185.03,53500.07835294118
2019,17,Madre de Dios,7,Selva,5,151,12376.214992046356,42622.029220581055,0.10187946369909058,0.007979226389068287,319.37,185.03,34875.153245033114
2019,17,Madre de Dios,7,Selva,6,31,1090.744541168213,3497.444345474243,0.0893641504210254,0.0,244.49,150.7,35298.721612903224
2019,17,Madre de Dios,7,Selva,7,154,5588.907871246338,18304.559173583984,0.045839655991172915,0.0,244.49,150.7,32709.43824675325
2019,17,Madre de Dios,7,Selva,8,51,1898.435962677002,4560.2275676727295,0.16406730349271045,0.005675534970403615,244.49,150.7,24288.688823529414
2019,18,Moquegua,3,Costa Sur,3,688,45823.429421424866,141492.87580537796,0.03443214670640277,0.0,345.21,174.19,48860.50681686046
2019,18,Moquegua,3,Costa Sur,7,8,604.8363037109375,1285.2771453857422,0.0,0.0,276.51,153.07,34820.6575
2019,18,Moquegua,3,Costa Sur,8,15,881.1410064697266,2442.722854614258,0.12886886593689148,0.0,276.51,153.07,26694.369333333332
2019,18,Moquegua,6,Sierra Sur,5,61,4714.140514373779,10410.084983825684,0.17964590911734657,0.0339902977715844,308.34,171.69,48174.651639344265
2019,18,Moquegua,6,Sierra Sur,6,66,4680.839057922363,12651.060569763184,0.22665889810549497,0.043694473681254085,259.02,161.35,16394.56590909091
2019,18,Moquegua,6,Sierra Sur,7,59,4113.908149719238,8859.674362182617,0.33706587595172594,0.0676734652541563,259.02,161.35,14097.98847457627
2019,18,Moquegua,6,Sierra Sur,8,74,5312.652816772461,11032.247169494629,0.404666574917277,0.05677032250221223,259.02,161.35,11288.675135135136
2019,19,Pasco,5,Sierra Centro,3,259,19559.79447746277,67035.14896202087,0.08994902927306672,0.0,307.73,171.69,34593.68135135135
2019,19,Pasco,5,Sierra Centro,5,185,34654.300468444824,113491.70761489868,0.37490348694335046,0.0,307.73,171.69,23621.627675675674
2019,19,Pasco,5,Sierra Centro,6,30,2535.9160766601562,7490.933822631836,0.26134592703726073,0.0,258.59,161.35,22609.228333333333
2019,19,Pasco,5,Sierra Centro,7,148,12180.779891967773,39898.481285095215,0.493173104677012,0.08887261700393818,258.59,161.35,14682.818175675677
2019,19,Pasco,5,Sierra Centro,8,28,2383.3057556152344,8416.767028808594,0.24908563476698758,0.0,258.59,161.35,21033.40892857143
2019,19,Pasco,7,Selva,5,69,10581.953628540039,33380.737884521484,0.21470604571189514,0.02097416357489431,329.3,185.03,28515.72043478261
2019,19,Pasco,7,Selva,6,8,435.5946044921875,1687.9290924072266,0.0,0.0,251.42,150.7,31162.0125
2019,19,Pasco,7,Selva,7,108,7716.613735198975,29476.94807434082,0.34409148622937363,0.07860115721354773,251.42,150.7,18944.241574074073
2019,19,Pasco,7,Selva,8,54,4254.745632171631,15005.474212646484,0.4092557716042997,0.08326871407336067,251.42,150.7,18692.50037037037
2019,20,Piura,1,Costa Norte,2,563,157958.15907669067,636983.7579040527,0.1272551058418447,0.0,353.44,174.19,50615.55067495559
2019,20,Piura,1,Costa Norte,3,251,82119.47356414795,331075.14878082275,0.18238928360061582,0.012386748432130189,353.44,174.19,39024.332310756974
2019,20,Piura,1,Costa Norte,4,161,64042.843673706055,264815.7915344238,0.2507367173313544,0.003992980058620235,353.44,174.19,32896.45937888199
2019,20,Piura,1,Costa Norte,5,134,68585.0912475586,256720.42065429688,0.3085761543179169,0.02557746462112903,353.44,174.19,31476.327686567165
2019,20,Piura,1,Costa Norte,6,26,5273.070541381836,17187.376358032227,0.12354025483548023,0.0,282.45,153.07,29250.84
2019,20,Piura,1,Costa Norte,7,248,44210.15673828125,174700.32844543457,0.34351169980627555,0.052400080880164256,282.45,153.07,21180.361975806452
2019,20,Piura,1,Costa Norte,8,79,14378.186141967773,58551.482986450195,0.3886037001364632,0.035838414792499426,282.45,153.07,22869.18164556962
2019,20,Piura,4,Sierra Norte,5,48,5664.65299987793,20682.849266052246,0.1493379749280466,0.045497646182207606,314.92,171.69,36762.69375
2019,20,Piura,4,Sierra Norte,6,8,1966.3560791015625,7619.629806518555,0.1935483870967742,0.12903225806451613,263.72,161.35,37444.635
2019,20,Piura,4,Sierra Norte,7,107,27988.315338134766,104783.12777709961,0.5761922879558447,0.09704223360328092,263.72,161.35,13764.737943925235
2019,20,Piura,4,Sierra Norte,8,30,7770.2965087890625,33672.42239379883,0.7191977955963061,0.3819028348035565,263.72,161.35,14413.641
2019,21,Puno,6,Sierra Sur,2,296,133834.4560585022,474834.9631576538,0.15216382477734874,0.02444716028887691,320.33,171.69,37955.33722972973
2019,21,Puno,6,Sierra Sur,4,10,7676.18310546875,31165.45263671875,0.8217246126069803,0.2879741282692532,320.33,171.69,25183.108
2019,21,Puno,6,Sierra Sur,5,127,128627.33520507812,372605.4976196289,0.3783531026959554,0.06615309979176666,320.33,171.69,21104.888818897638
2019,21,Puno,6,Sierra Sur,6,54,14919.194595336914,46486.55049133301,0.4309508856484311,0.0,267.59,161.35,14937.655
2019,21,Puno,6,Sierra Sur,7,524,142427.9295349121,415452.11711120605,0.44790105129706415,0.1271431808027301,267.59,161.35,11635.304408396947
2019,21,Puno,6,Sierra Sur,8,169,46063.275482177734,128551.87915039062,0.5449427744022218,0.16624567359177173,267.59,161.35,11971.690946745563
2019,21,Puno,7,Selva,7,14,4350.673034667969,16159.642700195312,0.11538461538461539,0.0,260.74,150.7,22970.815
2019,21,Puno,7,Selva,8,8,3271.30859375,8996.0986328125,0.13636363636363635,0.0,260.74,150.7,18080.41625
2019,22,San Martin,7,Selva,2,258,34545.06789398193,122587.43143463135,0.1033461563032187,0.024471718966541205,319.16,185.03,53175.36135658915
2019,22,San Martin,7,Selva,4,205,39318.709117889404,138686.03973770142,0.11895911677180468,0.019903831785648925,319.16,185.03,46750.97790243902
2019,22,San Martin,7,Selva,5,321,97773.72326660156,347040.98056030273,0.3321737624621568,0.02733046106898266,319.16,185.03,31302.93218068536
2019,22,San Martin,7,Selva,6,79,10752.005020141602,37755.168533325195,0.1820696029051748,0.0,244.34,150.7,23723.68405063291
2019,22,San Martin,7,Selva,7,417,55731.82958984375,220186.25213623047,0.31029660802925396,0.06647831289725198,244.34,150.7,18456.8293764988
2019,22,San Martin,7,Selva,8,55,6853.200942993164,22878.032501220703,0.26185708704629507,0.03303233677228387,244.34,150.7,18251.210181818184
2019,23,Tacna,3,Costa Sur,2,895,87044.05997753143,307224.6433439255,0.1111899110709297,0.003108452894646552,349.2,174.19,42935.96263687151
2019,23,Tacna,3,Costa Sur,6,46,2042.618667602539,6464.775302886963,0.1351709783166918,0.0,279.39,153.07,29431.660217391305
2019,23,Tacna,3,Costa Sur,7,62,3960.2068786621094,10752.938552856445,0.3337860141567605,0.03978028525118953,279.39,153.07,25419.52951612903
2019,23,Tacna,3,Costa Sur,8,52,2579.5719566345215,7450.667556762695,0.12371977711818793,0.0,279.39,153.07,22541.123461538464
2019,23,Tacna,6,Sierra Sur,5,149,3348.759491920471,8191.614345550537,0.28822176011990885,0.065736115548794,311.53,171.69,64328.03785234899
2019,23,Tacna,6,Sierra Sur,6,61,3232.547550201416,8080.852741241455,0.35380049275126785,0.13260143824940496,261.3,161.35,15937.07950819672
2019,23,Tacna,6,Sierra Sur,7,52,2757.534450531006,7060.920143127441,0.2744041021344475,0.044647459719736785,261.3,161.35,18319.090961538463
2019,23,Tacna,6,Sierra Sur,8,31,1626.7226829528809,4460.422435760498,0.23597743294810203,0.04725083448627269,261.3,161.35,16285.671290322582
2019,24,Tumbes,1,Costa Norte,3,358,29204.857765197754,103482.29711914062,0.09128878751898115,0.0,349.87,174.19,43427.742011173184
2019,24,Tumbes,1,Costa Norte,5,320,38780.99750137329,138622.16259002686,0.1692745896316546,0.01212482054240737,349.87,174.19,33421.74603125
2019,24,Tumbes,1,Costa Norte,6,16,264.5456771850586,835.8908443450928,0.16190475972073856,0.0,279.87,153.07,22253.669375
2019,24,Tumbes,1,Costa Norte,7,91,1430.3159952163696,4361.707334518433,0.18922544408592964,0.0,279.87,153.07,23156.47835164835
2019,24,Tumbes,1,Costa Norte,8,69,1032.3235788345337,3160.74777507782,0.12961946575144387,0.0,279.87,153.07,22511.83347826087
2019,25,Ucayali,7,Selva,2,590,84273.81927871704,355482.52669525146,0.09404515262277104,0.0047318847753073,328.99,185.03,41645.4700338983
2019,25,Ucayali,7,Selva,5,220,16675.834977149963,67815.03526639938,0.10867208904494012,0.018465477264195652,328.99,185.03,29904.38209090909
2019,25,Ucayali,7,Selva,6,8,589.6720581054688,1990.143196105957,0.0,0.0,251.2,150.7,34947.78
2019,25,Ucayali,7,Selva,7,310,19196.179122924805,81849.7834777832,0.2273224599262825,0.02717301171640782,251.2,150.7,18771.86722580645
2019,25,Ucayali,7,Selva,8,36,2345.0695190429688,12088.769290924072,0.37882697885429656,0.14512786284242218,251.2,150.7,20252.42027777778
2020,01,Amazonas,4,Sierra Norte,4,146,9860.290962219238,32613.72778892517,0.12432933740644773,0.030241619036486363,303.52,172.96,40978.68267123288
2020,01,Amazonas,4,Sierra Norte,5,57,10279.418594360352,32633.364456176758,0.28462018378831055,0.0029496165775374917,303.52,172.96,21892.45298245614
2020,01,Amazonas,4,Sierra Norte,6,50,3437.5186462402344,10960.377326965332,0.3262272812344572,0.04358641655538825,256.14,162.82,19561.14
2020,01,Amazonas,4,Sierra Norte,7,132,8599.778861999512,31112.660678863525,0.5137379211995943,0.09335162090350568,256.14,162.82,18690.099924242422
2020,01,Amazonas,4,Sierra Norte,8,75,4723.344833374023,17398.690116882324,0.43637581635728795,0.2035366181114578,256.14,162.82,13709.763066666666
2020,01,Amazonas,7,Selva,4,118,19463.45680999756,62695.59787750244,0.21741752561544178,0.0,328.1,189.65,34039.192881355935
2020,01,Amazonas,7,Selva,5,112,30083.71248626709,97834.40399169922,0.36604159146856385,0.1104849640316326,328.1,189.65,26549.195535714287
2020,01,Amazonas,7,Selva,6,56,4231.647979736328,14115.038478851318,0.2840187651384473,0.0,249.24,152.58,21139.67732142857
2020,01,Amazonas,7,Selva,7,345,25155.94737625122,97442.7692451477,0.47314684263034856,0.10495779458852585,249.24,152.58,17366.72391304348
2020,01,Amazonas,7,Selva,8,131,9926.485954284668,36257.347312927246,0.45138797274775405,0.12269827044313837,249.24,152.58,14824.949694656489
2020,02,Ancash,2,Costa Centro,2,422,112776.16369533539,416655.1852302551,0.19802800030063492,0.0,355.5,179.74,34886.95950236967
2020,02,Ancash,2,Costa Centro,4,34,14505.150146484375,47267.80291748047,0.19760843587058732,0.0,355.5,179.74,31210.28794117647
2020,02,Ancash,2,Costa Centro,5,67,18158.40460586548,67691.53719329834,0.3154117306281724,0.06950454790982649,355.5,179.74,21998.95343283582
2020,02,Ancash,2,Costa Centro,6,8,1897.08349609375,5216.9796142578125,0.5454545454545454,0.0,284.16,157.29,10747.33625
2020,02,Ancash,2,Costa Centro,7,32,7526.929443359375,26716.114349365234,0.3010248486739946,0.0851927604997722,284.16,157.29,20305.3640625
2020,02,Ancash,2,Costa Centro,8,8,1897.08349609375,7588.333984375,0.5,0.0,284.16,157.29,17738.42375
2020,02,Ancash,5,Sierra Centro,2,41,7873.427841186523,27184.146575927734,0.35372417495169334,0.0,313.4,172.96,39576.593414634146
2020,02,Ancash,5,Sierra Centro,3,111,20877.77675628662,75830.9501953125,0.11718909538168479,0.021500020370016866,313.4,172.96,42597.41504504505
2020,02,Ancash,5,Sierra Centro,5,109,38220.201919555664,124370.88148498535,0.2728284448853628,0.025906713070581372,313.4,172.96,30282.88366972477
2020,02,Ancash,5,Sierra Centro,6,128,21941.93650817871,75067.06770324707,0.3785199525360394,0.060370882751641534,263.2,162.82,21959.11328125
2020,02,Ancash,5,Sierra Centro,7,355,60758.43898010254,209243.59690856934,0.43583956057183754,0.09733363124641817,263.2,162.82,15770.056084507041
2020,02,Ancash,5,Sierra Centro,8,148,25645.9044342041,97834.26365661621,0.5339725875000828,0.12746875669708416,263.2,162.82,14744.55135135135
2020,03,Apurimac,6,Sierra Sur,3,163,18971.53451538086,72241.01054382324,0.19161280441047657,0.004344401783759003,308.55,172.96,39643.30509202454
2020,03,Apurimac,6,Sierra Sur,4,49,19564.610275268555,65600.46697616577,0.15425115104683113,0.0,308.55,172.96,30023.620408163264
2020,03,Apurimac,6,Sierra Sur,5,57,24886.126419067383,81110.63202667236,0.47210938974765854,0.09936837607749112,308.55,172.96,26932.691578947368
2020,03,Apurimac,6,Sierra Sur,6,145,17729.476371765137,55304.59453582764,0.2866072325094922,0.10016384805306747,259.74,162.82,21185.765103448277
2020,03,Apurimac,6,Sierra Sur,7,437,50852.47312927246,172226.77619934082,0.42957630063186714,0.1267694764166232,259.74,162.82,15210.936064073227
2020,03,Apurimac,6,Sierra Sur,8,103,11616.261138916016,38479.22607421875,0.5175906620296781,0.10518192078200678,259.74,162.82,13267.83213592233
2020,04,Arequipa,3,Costa Sur,4,150,27767.992225646973,82813.4144897461,0.2856619525184002,0.03782093884793134,365.0,179.74,32162.433266666667
2020,04,Arequipa,3,Costa Sur,5,177,21333.482955932617,70510.8025932312,0.24400561157491404,0.0,365.0,179.74,32319.689039548022
2020,04,Arequipa,3,Costa Sur,6,32,2092.417022705078,6610.8740234375,0.27816487937779333,0.04312018846198446,291.01,157.29,23534.97125
2020,04,Arequipa,3,Costa Sur,7,85,7385.921821594238,23462.560752868652,0.16757670873290767,0.0,291.01,157.29,36608.32305882353
2020,04,Arequipa,3,Costa Sur,8,20,1214.829818725586,3672.57022857666,0.09128832145883282,0.0,291.01,157.29,38659.228
2020,04,Arequipa,6,Sierra Sur,1,756,270899.30107688904,931959.2463970184,0.14381600385187684,0.00849891373037286,320.99,172.96,42568.12977513228
2020,04,Arequipa,6,Sierra Sur,4,53,21898.926177978516,64181.32420349121,0.33694047182986775,0.0,320.99,172.96,26474.195094339622
2020,04,Arequipa,6,Sierra Sur,5,88,28571.029510498047,100594.7646484375,0.2191314199560196,0.018571557710581107,320.99,172.96,33712.75556818182
2020,04,Arequipa,6,Sierra Sur,6,70,7734.008636474609,27232.285820007324,0.3195175084932092,0.06053007205474268,268.63,162.82,25743.36542857143
2020,04,Arequipa,6,Sierra Sur,7,97,10378.274307250977,30591.05983734131,0.2776402385486609,0.14780010370504393,268.63,162.82,29578.50474226804
2020,04,Arequipa,6,Sierra Sur,8,57,5902.432571411133,19812.579528808594,0.5494899267412555,0.3096650752797433,268.63,162.82,18930.603157894737
2020,05,Ayacucho,5,Sierra Centro,2,267,61233.78236961365,211506.97604465485,0.4085712516768421,0.10292041662277727,315.06,172.96,31199.54831460674
2020,05,Ayacucho,5,Sierra Centro,4,45,12244.896392822266,45604.06231689453,0.40562579240515845,0.12797974576723997,315.06,172.96,26655.811777777777
2020,05,Ayacucho,5,Sierra Centro,5,144,44934.188232421875,135354.15742492676,0.36912676710552617,0.08414378059890508,315.06,172.96,26765.045972222222
2020,05,Ayacucho,5,Sierra Centro,6,156,22887.268997192383,68598.23529052734,0.37872697447219084,0.08304143008295442,264.39,162.82,14866.189102564103
2020,05,Ayacucho,5,Sierra Centro,7,348,49773.04333496094,149568.66500854492,0.6216007213891813,0.22220654316161054,264.39,162.82,11279.520545977011
2020,05,Ayacucho,5,Sierra Centro,8,141,20095.100326538086,63361.47645568848,0.5826828031899425,0.14197623301942344,264.39,162.82,11621.787304964539
2020,05,Ayacucho,7,Selva,5,54,9925.566375732422,34563.377182006836,0.49598883954600487,0.08748092325073688,340.34,189.65,17586.37851851852
2020,05,Ayacucho,7,Selva,7,54,4553.422378540039,17951.924682617188,0.4396613006865321,0.10638634756755624,257.78,152.58,15261.267962962964
2020,05,Ayacucho,7,Selva,8,8,527.8053588867188,2243.1727752685547,0.9411764705882353,0.35294117647058826,257.78,152.58,13547.47125
2020,06,Cajamarca,1,Costa Norte,5,3,1040.167236328125,2080.33447265625,0.5,0.0,346.5,179.74,25939.146666666667
2020,06,Cajamarca,1,Costa Norte,7,32,3181.8780517578125,10210.113319396973,0.5811017781968736,0.4266997425917931,277.66,157.29,13800.4859375
2020,06,Cajamarca,1,Costa Norte,8,16,1469.0457153320312,5476.8657302856445,0.6877088506538243,0.5744563921388731,277.66,157.29,13824.263125
2020,06,Cajamarca,4,Sierra Norte,2,207,59712.74941921234,209501.61299848557,0.2257366133352586,0.07534214732616719,306.21,172.96,38143.6238647343
2020,06,Cajamarca,4,Sierra Norte,4,24,8787.29360961914,23163.527221679688,0.0,0.0,306.21,172.96,30302.600833333334
2020,06,Cajamarca,4,Sierra Norte,5,144,71898.3247680664,211644.63604736328,0.24703110374473838,0.009646474155205432,306.21,172.96,23584.284583333334
2020,06,Cajamarca,4,Sierra Norte,6,75,24013.653900146484,65010.53894042969,0.34640927125068843,0.12920116279974775,258.06,162.82,18329.804933333333
2020,06,Cajamarca,4,Sierra Norte,7,528,172446.3868408203,552005.584777832,0.5721496167653309,0.22482967988823718,258.06,162.82,11818.963390151515
2020,06,Cajamarca,4,Sierra Norte,8,125,40500.36071777344,124883.8610534668,0.6058435730324998,0.18248066892465017,258.06,162.82,10980.95296
2020,06,Cajamarca,7,Selva,3,77,30206.851440429688,90802.84712219238,0.3365734776049689,0.07387408082754202,330.95,189.65,23919.307792207794
2020,06,Cajamarca,7,Selva,5,29,20541.878051757812,64309.71081542969,0.4131497453886745,0.0,330.95,189.65,23014.131034482758
2020,06,Cajamarca,7,Selva,6,14,3439.459976196289,9110.494003295898,0.11086406146824786,0.0,251.23,152.58,15793.467142857144
2020,06,Cajamarca,7,Selva,7,159,47461.12463378906,149304.56449890137,0.390636148573424,0.0890045369675813,251.23,152.58,16769.78106918239
2020,06,Cajamarca,7,Selva,8,22,8146.48046875,28878.52294921875,0.5863465255481969,0.1965647179477815,251.23,152.58,10564.172727272728
2020,07,Callao,8,Lima Metropolitana,1,1004,298730.99406433105,1085209.9318466187,0.3501840677970224,0.04132295511018812,449.28,228.09,37308.793007968125
2020,08,Cusco,6,Sierra Sur,2,288,96832.08546638489,317298.0534477234,0.14835829674782486,0.007133529716899779,319.75,172.96,33530.74489583333
2020,08,Cusco,6,Sierra Sur,4,52,29094.644775390625,97541.49505615234,0.4108582951057823,0.23795376661533313,319.75,172.96,15438.839038461538
2020,08,Cusco,6,Sierra Sur,5,154,102636.86758422852,339439.74351501465,0.3649102444877462,0.08123809745815457,319.75,172.96,22367.83512987013
2020,08,Cusco,6,Sierra Sur,6,75,16997.701950073242,53513.68241882324,0.21817923704963776,0.07930859537464888,267.74,162.82,18979.514933333332
2020,08,Cusco,6,Sierra Sur,7,397,86415.45663452148,305628.53172302246,0.4610184775494611,0.12186180804232268,267.74,162.82,12975.120856423175
2020,08,Cusco,6,Sierra Sur,8,148,33341.72966003418,105171.28495788574,0.4058293695355286,0.09287283959302026,267.74,162.82,11880.150472972973
2020,08,Cusco,7,Selva,4,27,11190.391801834106,36769.66867160797,0.1372375886530344,0.0,345.31,189.65,31277.697407407406
2020,08,Cusco,7,Selva,5,18,9405.606090545654,24148.404764175415,0.004146077776136622,0.004146077776136622,345.31,189.65,16719.14277777778
2020,08,Cusco,7,Selva,6,8,1241.9298095703125,3104.8245239257812,0.0,0.0,261.26,152.58,26531.11625
2020,08,Cusco,7,Selva,7,87,18081.501052856445,55125.83645629883,0.33547593439986473,0.02690042311413982,261.26,152.58,17725.83114942529
2020,08,Cusco,7,Selva,8,32,6696.7034912109375,27315.680603027344,0.322868687517486,0.20951920999992782,261.26,152.58,29130.4321875
2020,09,Huancavelica,5,Sierra Centro,4,98,13931.773050308228,52952.70186781883,0.11877649839326006,0.0,311.22,172.96,34686.85234693877
2020,09,Huancavelica,5,Sierra Centro,5,104,25060.44332051277,81640.64254379272,0.3850416926132044,0.09929987390288016,311.22,172.96,17438.381826923076
2020,09,Huancavelica,5,Sierra Centro,6,172,22912.16680908203,62794.09980773926,0.3094311141423659,0.02199481425796878,261.64,162.82,15956.255872093023
2020,09,Huancavelica,5,Sierra Centro,7,532,70781.45193481445,243795.35914611816,0.5904828452734762,0.191119004422931,261.64,162.82,11714.890093984963
2020,09,Huancavelica,5,Sierra Centro,8,141,18312.065689086914,66640.08662414551,0.614665445770654,0.27131525116225974,261.64,162.82,12094.741843971631
2020,10,Huanuco,5,Sierra Centro,2,163,46362.14288330078,154857.12992858887,0.15700834557531854,0.04406715064189208,315.38,172.96,36194.095705521475
2020,10,Huanuco,5,Sierra Centro,5,94,38926.758728027344,119062.97703552246,0.36912482942842356,0.058574505155179285,315.38,172.96,25524.432021276596
2020,10,Huanuco,5,Sierra Centro,6,56,11224.405517578125,38456.00157165527,0.43641547849197887,0.166086530156941,264.62,162.82,16260.494107142857
2020,10,Huanuco,5,Sierra Centro,7,450,90678.56118774414,324132.98335266113,0.5500753134399478,0.16609637928402526,264.62,162.82,14254.384844444445
2020,10,Huanuco,5,Sierra Centro,8,104,20702.409301757812,81843.1791229248,0.5953756537989615,0.21862437382799413,264.62,162.82,14515.892115384615
2020,10,Huanuco,7,Selva,2,100,6852.449981689453,24311.946887493134,0.6276151215435901,0.24156855240651928,340.67,189.65,28659.2112
2020,10,Huanuco,7,Selva,3,30,1606.69082736969,4834.544422626495,0.34307559905633783,0.0,340.67,189.65,27816.093
2020,10,Huanuco,7,Selva,4,62,10810.64947938919,38029.13656640053,0.2870225684008505,0.0,340.67,189.65,31129.985
2020,10,Huanuco,7,Selva,5,42,7721.786773681641,26076.568099975586,0.4226657522367307,0.05813172614262699,340.67,189.65,26987.609285714287
2020,10,Huanuco,7,Selva,6,31,4334.210906982422,16264.736320495605,0.15480526343354592,0.0,258.02,152.58,24891.961935483872
2020,10,Huanuco,7,Selva,7,131,18596.29175567627,61154.4066696167,0.44867208398706215,0.14107367990291358,258.02,152.58,14623.92603053435
2020,10,Huanuco,7,Selva,8,14,2346.4439392089844,7848.245010375977,0.10813410482042819,0.0,258.02,152.58,14719.527142857143
2020,11,Ica,2,Costa Centro,2,827,131185.6891424656,451126.73774921894,0.08028110930950065,0.0,380.93,179.74,39920.38122128174
2020,11,Ica,2,Costa Centro,3,104,26772.338653564453,90659.72862243652,0.02772869884406122,0.0,380.93,179.74,33133.77201923077
2020,11,Ica,2,Costa Centro,4,104,24532.02687072754,78218.59627532959,0.1491216437396218,0.0,380.93,179.74,32072.764038461537
2020,11,Ica,2,Costa Centro,5,253,48561.67635369301,153808.4873111248,0.10192096016444645,0.004110660384348478,380.93,179.74,37482.620434782606
2020,11,Ica,2,Costa Centro,6,30,2066.700672149658,6885.92147064209,0.09546947193093078,0.0,302.51,157.29,26939.153666666665
2020,11,Ica,2,Costa Centro,7,115,7128.623092651367,21738.92251586914,0.014515772728643942,0.0,302.51,157.29,25952.161304347825
2020,11,Ica,2,Costa Centro,8,87,5792.316516876221,17303.36305618286,0.17161063953953754,0.0,302.51,157.29,26400.485057471265
2020,11,Ica,5,Sierra Centro,8,7,1848.6363830566406,2905.000030517578,0.0,0.0,277.73,162.82,19217.334285714285
2020,12,Junin,5,Sierra Centro,2,384,85817.83758544922,254173.98853302002,0.2108041272458671,0.03200709430556963,310.29,172.96,34016.34609375
2020,12,Junin,5,Sierra Centro,4,34,15104.617126464844,44917.600158691406,0.3523161611706688,0.09591499428027771,310.29,172.96,27821.215294117646
2020,12,Junin,5,Sierra Centro,5,262,145181.52031707764,474617.3674697876,0.2514938451937726,0.04418924221701285,310.29,172.96,27377.191984732824
2020,12,Junin,5,Sierra Centro,6,103,19922.901962280273,52118.291076660156,0.196799596570621,0.0327192277015767,260.98,162.82,15057.429708737864
2020,12,Junin,5,Sierra Centro,7,256,47029.50337219238,148170.31188964844,0.3938358915242992,0.09795242403823767,260.98,162.82,14417.734140625
2020,12,Junin,5,Sierra Centro,8,71,13206.119155883789,47255.48307800293,0.5433513117982474,0.28338211584468603,260.98,162.82,12483.204507042254
2020,12,Junin,7,Selva,4,115,42523.456115722656,145950.07926177979,0.3484993837435581,0.015022420327483578,335.28,189.65,28240.987304347826
2020,12,Junin,7,Selva,5,35,10754.002487182617,31460.48599243164,0.19761739581008952,0.0762422709255478,335.28,189.65,20481.956285714285
2020,12,Junin,7,Selva,6,8,1227.2412109375,3835.1287841796875,0.0,0.0,254.25,152.58,47291.6375
2020,12,Junin,7,Selva,7,210,40550.865966796875,152326.5740966797,0.49714366093654816,0.17511308656798522,254.25,152.58,15052.896714285715
2020,12,Junin,7,Selva,8,52,11927.167785644531,49455.333435058594,0.5072491461840241,0.11583829250970344,254.25,152.58,17235.845
2020,13,La Libertad,1,Costa Norte,1,595,211566.80690860748,759923.0040893555,0.21057391992176902,0.021702351623396645,356.85,179.74,39977.845394957985
2020,13,La Libertad,1,Costa Norte,3,19,10483.579040527344,31218.250213623047,0.4330725886333443,0.0,356.85,179.74,16599.076842105263
2020,13,La Libertad,1,Costa Norte,4,244,131322.8236694336,482841.3598022461,0.30574230697730975,0.0039541363685924365,356.85,179.74,28164.574713114755
2020,13,La Libertad,1,Costa Norte,5,152,58657.54963684082,220956.09786987305,0.2568865159446116,0.0,356.85,179.74,29956.442894736843
2020,13,La Libertad,1,Costa Norte,7,63,18318.4716796875,57781.407958984375,0.275593861719052,0.0,285.13,157.29,24261.06111111111
2020,13,La Libertad,1,Costa Norte,8,8,2639.64208984375,7918.92626953125,0.5833333333333334,0.20833333333333334,285.13,157.29,16006.865
2020,13,La Libertad,4,Sierra Norte,4,46,13916.938461303711,47327.77314758301,0.5149539033877137,0.15944244651422132,314.48,172.96,30844.991739130433
2020,13,La Libertad,4,Sierra Norte,5,103,20318.005363464355,64080.021057128906,0.30760215016555137,0.10444579603426203,314.48,172.96,24688.142427184466
2020,13,La Libertad,4,Sierra Norte,6,47,12481.784881591797,39515.81408691406,0.3096861243055353,0.01725514661729528,263.98,162.82,17199.292765957445
2020,13,La Libertad,4,Sierra Norte,7,242,62156.210372924805,233699.10388183594,0.6414199689579907,0.2931990930753185,263.98,162.82,13706.820330578512
2020,13,La Libertad,4,Sierra Norte,8,56,14115.701049804688,46634.075744628906,0.671544662448852,0.42001739017485595,263.98,162.82,15436.479285714286
2020,14,Lambayeque,1,Costa Norte,1,185,37523.101819992065,138305.82962989807,0.1561408069588103,0.0,356.75,179.74,36967.24345945946
2020,14,Lambayeque,1,Costa Norte,2,427,100685.41989326477,375009.3465332985,0.1188713161714245,0.009882639751917617,356.75,179.74,44730.23086651054
2020,14,Lambayeque,1,Costa Norte,3,25,5885.743011474609,22002.550262451172,0.1382202389100439,0.0,356.75,179.74,30433.9288
2020,14,Lambayeque,1,Costa Norte,4,200,62964.25434875488,244381.57960891724,0.204183801531127,0.0,356.75,179.74,29814.3005
2020,14,Lambayeque,1,Costa Norte,5,268,95097.45719909668,317577.00033569336,0.12797431928789868,0.012481072894082427,356.75,179.74,29053.84843283582
2020,14,Lambayeque,1,Costa Norte,7,280,42829.73254394531,164027.5764694214,0.2059126525087947,0.0,285.06,157.29,23972.119892857143
2020,14,Lambayeque,1,Costa Norte,8,40,5796.450439453125,21797.289405822754,0.25551202724336924,0.0,285.06,157.29,18870.6495
2020,14,Lambayeque,4,Sierra Norte,6,8,1347.82568359375,6739.12841796875,0.125,0.0,263.92,162.82,32922.35375
2020,14,Lambayeque,4,Sierra Norte,7,30,3736.9622192382812,15213.782836914062,0.19040146695803378,0.11783867597426903,263.92,162.82,17053.280666666666
2020,14,Lambayeque,4,Sierra Norte,8,7,854.2255859375,3660.966796875,0.9666666666666667,0.4666666666666667,263.92,162.82,9672.572857142857
2020,15,Lima,2,Costa Centro,2,235,57196.232986450195,184389.805809021,0.22056329626721624,0.0,354.08,179.74,29738.824680851063
2020,15,Lima,2,Costa Centro,3,352,81140.24112701416,276759.4015312195,0.26893894738191343,0.008539009723348248,354.08,179.74,29208.24153409091
2020,15,Lima,2,Costa Centro,4,122,32376.63893890381,116390.28784942627,0.293779004678952,0.0,354.08,179.74,31560.126393442624
2020,15,Lima,2,Costa Centro,5,162,44082.659896850586,156498.94034576416,0.25392383581462435,0.025688200044956998,354.08,179.74,30152.88648148148
2020,15,Lima,2,Costa Centro,6,16,1743.59033203125,5662.777755737305,0.09154661085666567,0.0,283.14,157.29,25362.954375
2020,15,Lima,2,Costa Centro,7,158,17363.420501708984,62734.967041015625,0.27905021497792915,0.049422476846566185,283.14,157.29,26978.16936708861
2020,15,Lima,2,Costa Centro,8,42,4860.182205200195,17656.8448638916,0.22019443248759807,0.0,283.14,157.29,25883.08738095238
2020,15,Lima,5,Sierra Centro,5,54,19799.721969604492,57003.45189285278,0.3042004883821365,0.025114520828909862,312.27,172.96,21418.45888888889
2020,15,Lima,5,Sierra Centro,6,137,17243.289428710938,43524.80283355713,0.2644549648733486,0.09222720009608779,262.4,162.82,14512.24810218978
2020,15,Lima,5,Sierra Centro,7,47,5821.768753051758,20547.1595993042,0.37349531899956756,0.1753247834703252,262.4,162.82,16498.155319148937
2020,15,Lima,5,Sierra Centro,8,60,7626.140396118164,21709.370979309082,0.34001687834736405,0.1228571786641734,262.4,162.82,20579.8105
2020,15,Lima,8,Lima Metropolitana,1,3064,2681386.9128723145,9668027.734146118,0.2662598567106878,0.02710363951480058,449.28,228.09,49701.32499020888
2020,16,Loreto,7,Selva,2,580,97957.74836838245,428142.1075479984,0.1854959581580313,0.026310636781459475,333.13,189.65,51280.015655172414
2020,16,Loreto,7,Selva,3,42,4640.00786447525,18754.374066710472,0.46179301144899004,0.10561499391990997,333.13,189.65,30172.617857142857
2020,16,Loreto,7,Selva,4,100,23413.80531311035,96219.12452697754,0.27303402845824465,0.040289120082544365,333.13,189.65,35440.2353
2020,16,Loreto,7,Selva,5,167,46221.60348510742,212606.78147888184,0.3832563580053518,0.061128644434402295,333.13,189.65,29296.930778443115
2020,16,Loreto,7,Selva,6,43,4562.458786010742,19500.158546447754,0.286444205026079,0.08097351594166495,252.75,152.58,23270.258604651164
2020,16,Loreto,7,Selva,7,419,47522.653869628906,233645.06382751465,0.5309985935368415,0.1482427086153369,252.75,152.58,16722.754415274463
2020,16,Loreto,7,Selva,8,124,14202.334442138672,72622.13687133789,0.4473416957732811,0.12127587238507796,252.75,152.58,16851.160403225807
2020,17,Madre de Dios,7,Selva,3,288,23838.93431353569,79019.58543729782,0.030778238865259586,0.00032023189587359246,327.04,189.65,38730.57347222222
2020,17,Madre de Dios,7,Selva,5,133,15299.203725099564,49994.34850072861,0.2462474283940548,0.03817275460730325,327.04,189.65,31288.15090225564
2020,17,Madre de Dios,7,Selva,6,30,1071.979055404663,3983.9268856048584,0.0,0.0,248.51,152.58,31503.551
2020,17,Madre de Dios,7,Selva,7,108,3748.149332046509,13830.602270126343,0.14902480539587712,0.03252971899046969,248.51,152.58,26424.389814814815
2020,17,Madre de Dios,7,Selva,8,53,2467.552074432373,7066.226690292358,0.07997315148229493,0.0,248.51,152.58,19393.63886792453
2020,18,Moquegua,3,Costa Sur,3,696,44759.47797346115,141834.56289172173,0.15878150175651803,0.00827770244593202,352.35,179.74,42011.35350574712
2020,18,Moquegua,3,Costa Sur,5,6,659.444091796875,1538.702880859375,0.0,0.0,352.35,179.74,36160.51666666667
2020,18,Moquegua,3,Costa Sur,7,13,1148.6848831176758,2888.625328063965,0.13608642416559394,0.0,281.89,157.29,38870.27230769231
2020,18,Moquegua,3,Costa Sur,8,8,467.0712585449219,817.3747024536133,0.0,0.0,281.89,157.29,18524.27125
2020,18,Moquegua,6,Sierra Sur,5,49,4710.058532714844,11030.01250076294,0.15816095018657164,0.03514687781923814,310.89,172.96,43304.77510204082
2020,18,Moquegua,6,Sierra Sur,6,84,4876.818183898926,13390.738677978516,0.27416987223149875,0.14234101666130244,261.41,162.82,21458.497142857144
2020,18,Moquegua,6,Sierra Sur,7,66,3687.21248626709,8650.708793640137,0.34565951943252315,0.13268740742570992,261.41,162.82,16057.672424242424
2020,18,Moquegua,6,Sierra Sur,8,67,3709.3299827575684,9145.378406524658,0.3461493966172173,0.05123105809162425,261.41,162.82,15685.012537313432
2020,19,Pasco,5,Sierra Centro,3,253,15966.385387420654,54147.388520240784,0.33482470680958054,0.046768909076409515,311.85,172.96,24898.506640316205
2020,19,Pasco,5,Sierra Centro,5,151,36668.0990562439,132163.67148017883,0.5061325030229457,0.1010200416379141,311.85,172.96,18603.10642384106
2020,19,Pasco,5,Sierra Centro,6,53,3459.4653663635254,11895.329265594482,0.32226491840824917,0.10074783362099293,262.1,162.82,24319.576603773585
2020,19,Pasco,5,Sierra Centro,7,158,10043.04995727539,35896.21535873413,0.5246249978830582,0.21820516484575106,262.1,162.82,13602.67094936709
2020,19,Pasco,5,Sierra Centro,8,31,2075.8359870910645,6656.085319519043,0.6735349662699059,0.36233909824933486,262.1,162.82,12216.726129032259
2020,19,Pasco,7,Selva,5,88,10968.492630004883,34059.764503479004,0.32552960791112556,0.0684452277968864,336.93,189.65,25128.78443181818
2020,19,Pasco,7,Selva,6,8,638.593017578125,2634.1961975097656,0.3939393939393939,0.21212121212121213,255.41,152.58,15450.77625
2020,19,Pasco,7,Selva,7,68,4812.809173583984,17216.18727874756,0.3839095592374914,0.1309924978869353,255.41,152.58,15472.6925
2020,19,Pasco,7,Selva,8,92,7201.9073486328125,24908.154495239258,0.4973450190265131,0.1572584004024311,255.41,152.58,13460.101086956522
2020,20,Piura,1,Costa Norte,2,591,150293.5743074417,590397.5693435669,0.225674423529724,0.0,364.87,179.74,41890.11756345178
2020,20,Piura,1,Costa Norte,3,257,75776.55216026306,325356.2076244354,0.34222630143387456,0.014532774506384087,364.87,179.74,34275.81906614786
2020,20,Piura,1,Costa Norte,4,166,69374.04133605957,268071.60374450684,0.3645999948119289,0.039156634696585826,364.87,179.74,25309.509819277107
2020,20,Piura,1,Costa Norte,5,171,85206.73022460938,326556.101272583,0.44507225813566426,0.05710211001039766,364.87,179.74,23740.487426900585
2020,20,Piura,1,Costa Norte,6,24,4456.0601806640625,13717.762741088867,0.15769138933320273,0.0,290.92,157.29,31316.642916666668
2020,20,Piura,1,Costa Norte,7,240,46012.68298339844,182034.01304626465,0.48748542999143496,0.09123737475082296,290.92,157.29,20403.970791666667
2020,20,Piura,1,Costa Norte,8,64,12553.314208984375,46242.08639526367,0.25076617855921446,0.0,290.92,157.29,29963.55671875
2020,20,Piura,4,Sierra Norte,5,29,5468.708480834961,19799.60252380371,0.19674633222268467,0.10202966383401367,320.89,172.96,27392.03827586207
2020,20,Piura,4,Sierra Norte,6,8,2198.90478515625,7971.029846191406,0.0,0.0,268.56,162.82,36810.3075
2020,20,Piura,4,Sierra Norte,7,92,26590.674865722656,96352.92790222168,0.5201266367906734,0.19907573131827694,268.56,162.82,14442.67097826087
2020,20,Piura,4,Sierra Norte,8,38,9949.947174072266,38411.415298461914,0.667586368703425,0.40327924948963584,268.56,162.82,14361.763157894737
2020,21,Puno,6,Sierra Sur,2,325,144749.06834244728,518318.3070611954,0.28670586564937744,0.026832704358502657,325.07,172.96,29251.11596923077
2020,21,Puno,6,Sierra Sur,4,6,8569.6640625,29993.82421875,0.5238095238095238,0.19047619047619047,325.07,172.96,27606.31166666667
2020,21,Puno,6,Sierra Sur,5,122,135247.2494506836,365487.1241455078,0.41343021509278605,0.04020281725354859,325.07,172.96,17838.564098360657
2020,21,Puno,6,Sierra Sur,6,44,12955.84782409668,41698.4748840332,0.5854582611571397,0.13679125606474427,271.55,162.82,20392.558636363636
2020,21,Puno,6,Sierra Sur,7,491,138500.68894958496,419094.88960266113,0.5887359358272474,0.16766268988435354,271.55,162.82,12245.086293279022
2020,21,Puno,6,Sierra Sur,8,142,41005.101470947266,118752.53031921387,0.4367983421619699,0.06650692927059003,271.55,162.82,14236.29852112676
2020,21,Puno,7,Selva,7,15,5080.4635009765625,15578.455657958984,0.18267328692118584,0.0,265.2,152.58,24657.435333333335
2020,21,Puno,7,Selva,8,8,2642.84814453125,7928.54443359375,0.4583333333333333,0.125,265.2,152.58,9606.72
2020,22,San Martin,7,Selva,2,286,30061.453830718994,108911.53520965576,0.12565885307211894,0.005908520116490382,325.38,189.65,50299.12045454545
2020,22,San Martin,7,Selva,3,40,3821.251953125,12919.006568908691,0.14032590173773937,0.0,325.38,189.65,32354.17025
2020,22,San Martin,7,Selva,4,174,39432.70864486694,135429.16428756714,0.24553504743526297,0.006781174344870205,325.38,189.65,39646.855862068966
2020,22,San Martin,7,Selva,5,298,107856.76167297363,366163.11057281494,0.3310639774637723,0.06772478185726016,325.38,189.65,26806.994731543626
2020,22,San Martin,7,Selva,6,40,5939.462158203125,19155.54637145996,0.11326438156385975,0.0,247.34,152.58,17797.95225
2020,22,San Martin,7,Selva,7,376,54020.87461090088,219460.49755859375,0.2494946414686242,0.01820865960684095,247.34,152.58,19430.263617021275
2020,22,San Martin,7,Selva,8,78,10909.430709838867,37930.86306762695,0.18802740127484188,0.04851878078176936,247.34,152.58,19014.94628205128
2020,23,Tacna,3,Costa Sur,2,942,93412.11585187912,310194.8069295883,0.2127561919707996,0.020898760201698854,359.28,179.74,30755.75092356688
2020,23,Tacna,3,Costa Sur,5,18,872.78466796875,2191.9088745117188,0.16543863115175092,0.09453636065814339,359.28,179.74,19788.15388888889
2020,23,Tacna,3,Costa Sur,6,44,1701.3702545166016,4832.8941440582275,0.10565355944062045,0.04124176672492548,286.88,157.29,29146.445
2020,23,Tacna,3,Costa Sur,7,90,5741.629060745239,17284.988206863403,0.3534086112242755,0.10626696597352833,286.88,157.29,21793.536111111112
2020,23,Tacna,3,Costa Sur,8,25,1018.0061874389648,2656.6319580078125,0.15983550090614268,0.0,286.88,157.29,16971.8888
2020,23,Tacna,6,Sierra Sur,5,86,3303.3787956237793,8192.576961517334,0.25869496546804804,0.03920061095859592,316.42,172.96,47263.75255813954
2020,23,Tacna,6,Sierra Sur,6,51,3438.8502464294434,9071.41569519043,0.38520420522644533,0.1408346413824671,265.36,162.82,12071.910980392156
2020,23,Tacna,6,Sierra Sur,7,44,2672.331832885742,7252.271789550781,0.50206946619409,0.23930974522640194,265.36,162.82,14389.026818181817
2020,23,Tacna,6,Sierra Sur,8,29,1541.5430755615234,3812.8104286193848,0.6034598411169928,0.1318115370178744,265.36,162.82,9786.866896551724
2020,24,Tumbes,1,Costa Norte,3,374,28126.149196624756,99161.30458545685,0.3021438212897198,0.05141895494504002,363.57,179.74,36937.149679144386
2020,24,Tumbes,1,Costa Norte,4,48,4070.148073196411,12704.930958747864,0.5292280063878001,0.13713575450554535,363.57,179.74,22108.005416666667
2020,24,Tumbes,1,Costa Norte,5,260,37410.82124328613,134091.37747573853,0.3265848247611298,0.013968488779312147,363.57,179.74,28103.301884615386
2020,24,Tumbes,1,Costa Norte,7,94,1589.1037683486938,4938.73414516449,0.2810185823576073,0.0,289.98,157.29,21812.400531914893
2020,24,Tumbes,1,Costa Norte,8,56,826.1401214599609,2637.022276878357,0.27654278879125743,0.08039939930656224,289.98,157.29,19814.483392857142
2020,25,Ucayali,7,Selva,2,617,82045.89565086365,348150.58797836304,0.19062540915767434,0.013129694540283563,335.35,189.65,37372.04896272285
2020,25,Ucayali,7,Selva,4,12,3147.45703125,11405.271118164062,0.23990870427974764,0.0,335.35,189.65,26636.981666666667
2020,25,Ucayali,7,Selva,5,177,19653.7857131958,72947.13680458069,0.17221604581164315,0.0,335.35,189.65,29734.043728813558
2020,25,Ucayali,7,Selva,6,16,928.9456481933594,3769.365608215332,0.34516224562320824,0.34516224562320824,254.31,152.58,18443.06125
2020,25,Ucayali,7,Selva,7,259,15905.237400054932,66000.26419067383,0.28963121826289484,0.08652508854828271,254.31,152.58,19103.492625482624
2020,25,Ucayali,7,Selva,8,84,5353.9539794921875,23428.828910827637,0.39584980092617034,0.12271429275199917,254.31,152.58,19531.57773809524
2021,01,Amazonas,4,Sierra Norte,4,133,14130.100723266602,45942.032402038574,0.10882372216174925,0.06185248180310021,317.09,180.57,50687.48872180451
2021,01,Amazonas,4,Sierra Norte,5,39,7978.9753341674805,21500.134254455566,0.4383328139398169,0.1443980539108792,317.09,180.57,25332.375384615385
2021,01,Amazonas,4,Sierra Norte,6,68,5002.994682312012,15121.723152160645,0.2936881834706028,0.09385092856938301,269.18,171.6,20685.95205882353
2021,01,Amazonas,4,Sierra Norte,7,98,6852.348129272461,22090.861946105957,0.45858272025789626,0.039791335297774774,269.18,171.6,17732.747040816328
2021,01,Amazonas,4,Sierra Norte,8,88,6198.459899902344,20759.054542541504,0.4397589123983884,0.12912225492370727,269.18,171.6,15769.247727272726
2021,01,Amazonas,7,Selva,4,141,23047.950424194336,71796.49228668213,0.1432891496163472,0.020392677902048507,346.37,201.59,36567.94489361702
2021,01,Amazonas,7,Selva,5,109,25255.3271484375,92944.80671691895,0.29606750811484966,0.10096935198197125,346.37,201.59,31181.505229357797
2021,01,Amazonas,7,Selva,6,39,2803.900505065918,7986.498634338379,0.16460089410481785,0.0714936846452008,263.34,162.26,32123.701025641025
2021,01,Amazonas,7,Selva,7,398,27954.12021636963,102649.34462738037,0.4093566389976421,0.12732220932468413,263.34,162.26,20048.11648241206
2021,01,Amazonas,7,Selva,8,141,9812.254867553711,33714.69664001465,0.3412659400638542,0.11102556753883921,263.34,162.26,20442.5709929078
2021,02,Ancash,2,Costa Centro,2,406,113474.2481584549,397395.6327242851,0.0949363102569383,0.0,376.35,189.65,43072.31965517241
2021,02,Ancash,2,Costa Centro,4,66,24721.77035522461,78352.68524169922,0.2428798745160194,0.038517650740831764,376.35,189.65,31549.83696969697
2021,02,Ancash,2,Costa Centro,5,54,18509.69153022766,61262.33208274841,0.25265898765712774,0.01771636382849669,376.35,189.65,27828.062777777777
2021,02,Ancash,2,Costa Centro,6,8,1438.5010986328125,3596.2527465820312,0.3,0.0,300.67,165.9,12536.785
2021,02,Ancash,2,Costa Centro,7,38,7109.350494384766,27971.616500854492,0.5437159780137517,0.05142717077466254,300.67,165.9,17314.356842105262
2021,02,Ancash,2,Costa Centro,8,16,2877.002197265625,7911.756042480469,0.6363636363636364,0.09090909090909091,300.67,165.9,13639.518125
2021,02,Ancash,5,Sierra Centro,2,112,22288.778259277344,75620.86967086792,0.1497117889198516,0.04210063799831356,329.76,180.57,44688.186875
2021,02,Ancash,5,Sierra Centro,3,51,9164.95297241211,33251.98174285889,0.07354801764899638,0.04086000980499799,329.76,180.57,48594.83843137255
2021,02,Ancash,5,Sierra Centro,5,97,37137.093032836914,114879.6739654541,0.23145244213788704,0.008756230481072946,329.76,180.57,28449.87649484536
2021,02,Ancash,5,Sierra Centro,6,139,29043.995529174805,89453.99996948242,0.29635677185282283,0.06340299524860918,278.23,171.6,22841.335899280577
2021,02,Ancash,5,Sierra Centro,7,289,59432.11030578613,181655.41703796387,0.3559267819776845,0.09119200759952292,278.23,171.6,19952.3153633218
2021,02,Ancash,5,Sierra Centro,8,157,32572.22804260254,102385.9309387207,0.30782402351266136,0.029531855174366597,278.23,171.6,17735.30261146497
2021,03,Apurimac,6,Sierra Sur,3,212,25964.18284225464,89905.319190979,0.15369594201842723,0.0,321.36,180.57,38986.043018867924
2021,03,Apurimac,6,Sierra Sur,4,12,6011.740173339844,16434.133087158203,0.205026640057104,0.0,321.36,180.57,31759.37583333333
2021,03,Apurimac,6,Sierra Sur,5,89,33394.41468811035,112247.17527770996,0.26519401023275035,0.04574867068959487,321.36,180.57,33955.73483146067
2021,03,Apurimac,6,Sierra Sur,6,179,24366.981552124023,77773.27562713623,0.3138910239462204,0.1155646775662124,272.23,171.6,23199.534245810057
2021,03,Apurimac,6,Sierra Sur,7,381,51407.48927307129,147885.39933013916,0.37408531852672605,0.08608581577958753,272.23,171.6,17681.179212598425
2021,03,Apurimac,6,Sierra Sur,8,87,12077.81014251709,34097.4948348999,0.2543441299652106,0.08712502714197091,272.23,171.6,18822.787701149424
2021,04,Arequipa,3,Costa Sur,4,165,30965.105865478516,98342.86228942871,0.1751783083573588,0.004261410283489556,378.88,189.65,35666.88448484849
2021,04,Arequipa,3,Costa Sur,5,118,19164.5813331604,56819.85580444336,0.13127416781671153,0.013308170607884657,378.88,189.65,32044.879576271185
2021,04,Arequipa,3,Costa Sur,6,16,1461.8124389648438,3388.7543334960938,0.42155908183862456,0.07352277640001952,302.5,165.9,17743.33375
2021,04,Arequipa,3,Costa Sur,7,98,8450.18170928955,24716.561038970947,0.042175034476731724,0.0,302.5,165.9,37414.67153061224
2021,04,Arequipa,3,Costa Sur,8,18,1379.4786758422852,4074.2343978881836,0.17619373319648327,0.0,302.5,165.9,31701.27111111111
2021,04,Arequipa,6,Sierra Sur,1,751,264654.50720596313,893072.9818782806,0.08713945410899004,0.007518939444119334,331.78,180.57,48952.36532623169
2021,04,Arequipa,6,Sierra Sur,4,71,25711.62644958496,80125.05052185059,0.08873512193281892,0.0,331.78,180.57,30434.838873239438
2021,04,Arequipa,6,Sierra Sur,5,103,39539.65556335449,134354.43272399902,0.17192330775467304,0.011757769152181017,331.78,180.57,34118.42611650485
2021,04,Arequipa,6,Sierra Sur,6,54,7719.290145874023,23309.759857177734,0.29739856267219933,0.08351713882945809,279.68,171.6,30719.009074074074
2021,04,Arequipa,6,Sierra Sur,7,70,9358.98551940918,28806.217567443848,0.36980813933125073,0.07792696012437969,279.68,171.6,24155.448428571428
2021,04,Arequipa,6,Sierra Sur,8,70,9302.372261047363,24542.20765686035,0.4758800806258838,0.13587891464590937,279.68,171.6,20759.894
2021,05,Ayacucho,5,Sierra Centro,2,301,67561.63375282288,227462.05027389526,0.19300101140805395,0.0,330.84,180.57,37774.87588039867
2021,05,Ayacucho,5,Sierra Centro,4,48,14783.974449157715,43660.68316268921,0.3398661463961984,0.0,330.84,180.57,31297.69583333333
2021,05,Ayacucho,5,Sierra Centro,5,114,47770.4729309082,138172.25103759766,0.3463051859582391,0.07644799448712344,330.84,180.57,25887.84192982456
2021,05,Ayacucho,5,Sierra Centro,6,175,28610.49673461914,78840.06614685059,0.4183891101458219,0.11555716846213972,279.0,171.6,17231.382285714288
2021,05,Ayacucho,5,Sierra Centro,7,323,53380.493743896484,149021.06434631348,0.549945236559306,0.19239024931175303,279.0,171.6,12223.110309597523
2021,05,Ayacucho,5,Sierra Centro,8,108,18011.401763916016,49941.88562011719,0.4510894546751845,0.2532962512358755,279.0,171.6,15328.747777777779
2021,05,Ayacucho,7,Selva,5,42,13202.725158691406,35679.214294433594,0.41547101086385213,0.04045160872379714,360.95,201.59,21115.074047619048
2021,05,Ayacucho,7,Selva,7,64,5163.694732666016,18487.937412261963,0.40497029892301506,0.11687002084750049,273.51,162.26,12722.58953125
2021,05,Ayacucho,7,Selva,8,7,547.8191604614258,1956.4970016479492,0.68,0.36,273.51,162.26,35793.974285714285
2021,06,Cajamarca,1,Costa Norte,5,9,1127.8791275024414,2129.3614044189453,0.17352527533373044,0.0,364.11,189.65,28936.296666666665
2021,06,Cajamarca,1,Costa Norte,6,8,765.5455322265625,2392.329788208008,0.76,0.12,291.84,165.9,12526.25625
2021,06,Cajamarca,1,Costa Norte,7,32,2942.2864379882812,7546.593704223633,0.7625835198045815,0.38290782181210997,291.84,165.9,10221.775625
2021,06,Cajamarca,1,Costa Norte,8,15,1369.040657043457,5645.07682800293,0.6780656730154123,0.0566925361115142,291.84,165.9,18564.406666666666
2021,06,Cajamarca,4,Sierra Norte,2,192,49383.308096408844,153786.11089134216,0.1531112266835659,0.03906543178948116,319.97,180.57,49657.96328125
2021,06,Cajamarca,4,Sierra Norte,4,22,9497.858963012695,24218.54100036621,0.14346849362900532,0.0,319.97,180.57,39472.22045454545
2021,06,Cajamarca,4,Sierra Norte,5,163,92319.97668457031,273902.6960144043,0.2214275881739157,0.04306709229093506,319.97,180.57,31554.673312883435
2021,06,Cajamarca,4,Sierra Norte,6,67,23930.706085205078,70995.29602050781,0.4225690096087995,0.17587472290459796,271.24,171.6,18013.0923880597
2021,06,Cajamarca,4,Sierra Norte,7,496,180470.5158996582,544003.4942016602,0.5254553905043152,0.21259282771539195,271.24,171.6,12714.895342741935
2021,06,Cajamarca,4,Sierra Norte,8,108,38360.15408325195,111092.10311889648,0.545730221884731,0.20176701096517524,271.24,171.6,13472.065925925926
2021,06,Cajamarca,7,Selva,3,79,29876.115524291992,83904.10339355469,0.302201175814241,0.06599912741453617,349.43,201.59,33186.10215189873
2021,06,Cajamarca,7,Selva,5,36,25974.632720947266,76063.10061645508,0.34071162456609044,0.0,349.43,201.59,39261.33027777778
2021,06,Cajamarca,7,Selva,6,29,7100.579895019531,20620.437561035156,0.333612999838278,0.060653302246082494,265.47,162.26,16904.28827586207
2021,06,Cajamarca,7,Selva,7,159,41847.65951538086,126945.98617553711,0.46390270539431716,0.1859045761365319,265.47,162.26,15462.26245283019
2021,06,Cajamarca,7,Selva,8,38,10488.835388183594,36919.80859375,0.514849158466973,0.20145516981562975,265.47,162.26,14705.451578947368
2021,07,Callao,8,Lima Metropolitana,1,982,316503.9576187134,1106662.0743865967,0.2852490879514362,0.030145410940599946,469.87,239.25,42903.79118126273
2021,08,Cusco,6,Sierra Sur,2,334,102923.15172195435,327984.68770217896,0.07727161452068956,0.0,332.86,180.57,44919.53260479042
2021,08,Cusco,6,Sierra Sur,4,69,38055.793701171875,127790.96589660645,0.26716975350979527,0.0,332.86,180.57,30828.70028985507
2021,08,Cusco,6,Sierra Sur,5,138,94245.55514526367,311108.1524505615,0.23644126087212422,0.02936575813217977,332.86,180.57,24932.839057971014
2021,08,Cusco,6,Sierra Sur,6,82,21496.90689086914,67051.02923583984,0.20614698780657273,0.046191073155466944,280.45,171.6,19933.190975609756
2021,08,Cusco,6,Sierra Sur,7,355,92765.68856811523,297610.5969390869,0.35642372913217896,0.07943731678648921,280.45,171.6,16187.528366197183
2021,08,Cusco,6,Sierra Sur,8,130,33961.06588745117,96234.51850891113,0.38522481533639347,0.07218076809912895,280.45,171.6,12491.138230769231
2021,08,Cusco,7,Selva,4,12,3035.7100632190704,8098.971393227577,0.0,0.0,363.09,201.59,40072.56083333334
2021,08,Cusco,7,Selva,5,36,15451.037601470947,54547.69718170166,0.08838517609336652,0.0,363.09,201.59,34582.98777777778
2021,08,Cusco,7,Selva,6,8,2237.66064453125,9510.057739257812,0.0,0.0,275.01,162.26,39370.395
2021,08,Cusco,7,Selva,7,71,19564.588012695312,56680.40270996094,0.13397882821770649,0.0,275.01,162.26,22268.47732394366
2021,08,Cusco,7,Selva,8,24,5971.9122314453125,17719.548538208008,0.0,0.0,275.01,162.26,25035.93291666667
2021,09,Huancavelica,5,Sierra Centro,4,123,13489.190011620522,44802.877623558044,0.16617878609400963,0.018163728557278113,328.72,180.57,36362.43577235773
2021,09,Huancavelica,5,Sierra Centro,5,116,27314.265617132187,95065.54309558868,0.3560761460356033,0.0310704568891849,328.72,180.57,28236.8875
2021,09,Huancavelica,5,Sierra Centro,6,164,25630.902221679688,77423.24551391602,0.22801623104782096,0.06252802662590355,277.49,171.6,20511.155731707317
2021,09,Huancavelica,5,Sierra Centro,7,473,74269.96490478516,227312.3422241211,0.4995542442200284,0.1409552790008174,277.49,171.6,13247.927315010571
2021,09,Huancavelica,5,Sierra Centro,8,160,24907.129974365234,72154.66940307617,0.5603279734051565,0.15844064966425878,277.49,171.6,12665.5436875
2021,10,Huanuco,5,Sierra Centro,2,52,20220.94367980957,67012.283203125,0.13227253692762542,0.027687822375964247,334.06,180.57,57912.285576923074
2021,10,Huanuco,5,Sierra Centro,5,118,66206.85494995117,209711.46875,0.34188079767931145,0.0,334.06,180.57,29953.359576271185
2021,10,Huanuco,5,Sierra Centro,6,86,19762.127410888672,61589.659744262695,0.2413285719831297,0.011126560858715344,281.3,171.6,22611.689418604652
2021,10,Huanuco,5,Sierra Centro,7,366,83236.50802612305,273407.0165710449,0.4795634754848165,0.12512551462044302,281.3,171.6,16090.051994535519
2021,10,Huanuco,5,Sierra Centro,8,139,31601.16180419922,106898.44223022461,0.49751106667654,0.13557536038840942,281.3,171.6,15069.462158273382
2021,10,Huanuco,7,Selva,2,214,14857.780278921127,48795.651270508766,0.29805921893095383,0.01858681919927821,364.36,201.59,40387.864439252335
2021,10,Huanuco,7,Selva,3,66,3948.927597284317,12736.508866906166,0.0791929016240646,0.0,364.36,201.59,43882.357575757575
2021,10,Huanuco,7,Selva,4,15,1934.9639015197754,6546.453954696655,0.25936469787676075,0.0,364.36,201.59,46637.956
2021,10,Huanuco,7,Selva,5,50,6747.492965698242,23082.101219177246,0.18608691898641969,0.030551330535831086,364.36,201.59,33767.7656
2021,10,Huanuco,7,Selva,6,30,4340.5166015625,14795.775497436523,0.11384865714168062,0.08049060036545354,275.9,162.26,25904.720333333335
2021,10,Huanuco,7,Selva,7,103,17144.476959228516,57761.40338897705,0.22875051544464678,0.12453763807568381,275.9,162.26,22068.891067961165
2021,10,Huanuco,7,Selva,8,30,4948.076751708984,14500.057586669922,0.145481566280569,0.0,275.9,162.26,16144.376333333334
2021,11,Ica,2,Costa Centro,2,841,134397.86968445778,453793.79028618336,0.0815443227661747,0.0,403.81,189.65,47201.0659334126
2021,11,Ica,2,Costa Centro,3,44,10200.738220214844,30548.938079833984,0.0,0.0,403.81,189.65,39589.9225
2021,11,Ica,2,Costa Centro,4,200,48704.57387471199,150359.8540637493,0.03703357443382009,0.0,403.81,189.65,37215.2329
2021,11,Ica,2,Costa Centro,5,212,45043.37463951111,148303.53761982918,0.06781226862871798,0.0,403.81,189.65,43420.85617924528
2021,11,Ica,2,Costa Centro,6,39,2492.346508026123,6924.541980743408,0.0,0.0,320.49,165.9,28431.325384615386
2021,11,Ica,2,Costa Centro,7,128,8796.196231842041,27898.986560821533,0.050966224813160155,0.0,320.49,165.9,31274.82296875
2021,11,Ica,2,Costa Centro,8,55,3489.7543029785156,9249.244815826416,0.053945439278588234,0.0,320.49,165.9,25413.919636363637
2021,11,Ica,5,Sierra Centro,6,8,383.7812194824219,1151.3436584472656,0.0,0.0,293.91,171.6,15674.68125
2021,11,Ica,5,Sierra Centro,8,15,781.8171997070312,1666.6295356750488,0.0,0.0,293.91,171.6,18036.858666666667
2021,12,Junin,5,Sierra Centro,2,394,81203.16477298737,241064.5736041069,0.09275113920796353,0.003872010673719663,327.13,180.57,39933.77502538071
2021,12,Junin,5,Sierra Centro,4,46,22140.519287109375,67381.43743896484,0.31724558829335026,0.057978311769371245,327.13,180.57,28077.746739130434
2021,12,Junin,5,Sierra Centro,5,278,148689.61904907227,480651.5522766113,0.2751828189804004,0.018153022942875106,327.13,180.57,31341.847194244605
2021,12,Junin,5,Sierra Centro,6,121,27088.82049560547,68369.33308410645,0.19255016612911427,0.03602533312483781,276.35,171.6,19652.239338842974
2021,12,Junin,5,Sierra Centro,7,184,39295.23107910156,125508.13368225098,0.3631458014978243,0.06848517636548819,276.35,171.6,18763.829836956524
2021,12,Junin,5,Sierra Centro,8,78,17118.580047607422,51713.81481933594,0.546466100188738,0.1521846146780278,276.35,171.6,14761.811282051282
2021,12,Junin,7,Selva,4,109,36015.847801208496,116697.61967849731,0.16338453087968574,0.0,357.01,201.59,31183.692110091743
2021,12,Junin,7,Selva,5,39,20224.34115600586,59885.24462890625,0.3020179123758843,0.03576815039010851,357.01,201.59,25405.183076923076
2021,12,Junin,7,Selva,6,8,1809.775634765625,2940.8854064941406,0.0,0.0,270.77,162.26,7006.425
2021,12,Junin,7,Selva,7,198,39750.983795166016,145164.03057861328,0.3452711973407127,0.09347911882836431,270.77,162.26,19670.107727272727
2021,12,Junin,7,Selva,8,76,16099.19271850586,54291.23091125488,0.41303137999948836,0.09176705114835777,270.77,162.26,19662.472763157893
2021,13,La Libertad,1,Costa Norte,1,625,224550.61102199554,819923.857761383,0.20141536625763243,0.015375637804740138,374.79,189.65,47172.89632
2021,13,La Libertad,1,Costa Norte,3,59,30102.253967285156,100346.3415222168,0.19591289168129067,0.0,374.79,189.65,40551.19355932203
2021,13,La Libertad,1,Costa Norte,4,222,121936.39291381836,430532.2174682617,0.20409580844054806,0.014562907603500113,374.79,189.65,40711.43864864865
2021,13,La Libertad,1,Costa Norte,5,123,53288.087005615234,162170.16412353516,0.2457634477032208,0.019375322488492643,374.79,189.65,32940.63284552845
2021,13,La Libertad,1,Costa Norte,7,55,15272.99169921875,46846.326568603516,0.23287038623806516,0.04658915482994318,299.55,165.9,48343.068
2021,13,La Libertad,1,Costa Norte,8,16,4605.05712890625,17624.072143554688,0.15071535341451478,0.07535767670725739,299.55,165.9,43007.9075
2021,13,La Libertad,4,Sierra Norte,4,37,13438.567016601562,49372.72219848633,0.3714321176707321,0.06307740372474326,328.51,180.57,32177.033783783783
2021,13,La Libertad,4,Sierra Norte,5,89,21707.07960510254,66011.6697921753,0.25863054924110646,0.05972623926333443,328.51,180.57,30784.417191011235
2021,13,La Libertad,4,Sierra Norte,6,45,13751.457748413086,44979.28985595703,0.4131794185715232,0.22140338234955775,277.34,171.6,22130.96911111111
2021,13,La Libertad,4,Sierra Norte,7,213,62621.164794921875,211190.89120483398,0.5952403702967102,0.2884368789231142,277.34,171.6,22745.714976525822
2021,13,La Libertad,4,Sierra Norte,8,54,15757.452667236328,52678.07243347168,0.5678175430330071,0.24721518741991477,277.34,171.6,24948.255925925925
2021,14,Lambayeque,1,Costa Norte,1,425,92533.64626789093,333188.5453157425,0.10592211386119404,0.0,379.29,189.65,45089.00524705883
2021,14,Lambayeque,1,Costa Norte,2,172,41175.73847579956,158206.1599855423,0.15886634089079069,0.0,379.29,189.65,47895.705639534885
2021,14,Lambayeque,1,Costa Norte,3,49,12570.884857177734,45635.48065185547,0.19594865512185058,0.0,379.29,189.65,38267.92510204082
2021,14,Lambayeque,1,Costa Norte,4,165,48748.24111557007,191184.88207244873,0.17733051287968288,0.0,379.29,189.65,36928.936
2021,14,Lambayeque,1,Costa Norte,5,306,106471.01565551758,379900.1730957031,0.12589837535663673,0.0,379.29,189.65,34263.602189542486
2021,14,Lambayeque,1,Costa Norte,7,264,47942.24076080322,174889.76656341553,0.1346282479216996,0.0018991971078796191,302.79,165.9,29187.480946969696
2021,14,Lambayeque,1,Costa Norte,8,16,2549.0220336914062,7925.1267013549805,0.0,0.0,302.79,165.9,24368.38125
2021,14,Lambayeque,4,Sierra Norte,6,8,1203.9112548828125,5718.578460693359,0.5526315789473685,0.0,279.91,171.6,16926.265
2021,14,Lambayeque,4,Sierra Norte,7,21,3232.579849243164,13963.279182434082,0.420568083106081,0.1425318996717644,279.91,171.6,16970.87619047619
2021,14,Lambayeque,4,Sierra Norte,8,8,1273.7713623046875,5095.08544921875,0.0,0.0,279.91,171.6,19711.43
2021,15,Lima,2,Costa Centro,2,328,76893.19872283936,255584.0894203186,0.25008854257182056,0.018242093554469138,371.43,189.65,37030.88323170732
2021,15,Lima,2,Costa Centro,3,324,72827.90176773071,248793.07219314575,0.20860549609216708,0.029442846762075703,371.43,189.65,32746.42725308642
2021,15,Lima,2,Costa Centro,4,117,31247.991424560547,107517.70751953125,0.31385605544331097,0.06071198587882497,371.43,189.65,31842.74700854701
2021,15,Lima,2,Costa Centro,5,149,36580.19509887695,131338.9482574463,0.2967562833356259,0.02582753548312526,371.43,189.65,33171.85845637584
2021,15,Lima,2,Costa Centro,6,32,3692.9474487304688,11205.64096069336,0.224738830431166,0.0,297.11,165.9,23577.155
2021,15,Lima,2,Costa Centro,7,146,16019.883079528809,56328.912353515625,0.19616929995343987,0.024204104696222063,297.11,165.9,28405.318767123288
2021,15,Lima,2,Costa Centro,8,39,4438.164649963379,16623.88279724121,0.17883693370735362,0.06137012759250905,297.11,165.9,32209.06282051282
2021,15,Lima,5,Sierra Centro,5,42,19391.4005279541,56329.031982421875,0.2088168448028847,0.0,325.82,180.57,25966.379285714287
2021,15,Lima,5,Sierra Centro,6,176,17608.159782409668,48160.664123535156,0.5206465093420438,0.19335089762599975,275.42,171.6,14580.485568181817
2021,15,Lima,5,Sierra Centro,7,69,6866.932273864746,19225.674041748047,0.41547032589267213,0.08494618952283049,275.42,171.6,17703.087101449277
2021,15,Lima,5,Sierra Centro,8,62,6350.6528244018555,17343.21241760254,0.34921263514423984,0.09374146088947125,275.42,171.6,19735.99935483871
2021,15,Lima,8,Lima Metropolitana,1,3041,2882870.532913208,9834169.371810913,0.24440690933404788,0.01888508642958276,469.87,239.25,54077.40154225584
2021,16,Loreto,7,Selva,2,536,88095.3720626831,369404.503154397,0.20382617864015884,0.006162839567564878,356.02,201.59,54476.01384328358
2021,16,Loreto,7,Selva,3,84,18772.760513544083,70361.73713624477,0.2587636787345918,0.0,356.02,201.59,37800.71702380952
2021,16,Loreto,7,Selva,4,88,26952.43389892578,107699.96492004395,0.3196929133953081,0.11722611344996585,356.02,201.59,39693.94136363636
2021,16,Loreto,7,Selva,5,146,48362.68388366699,216581.97160339355,0.37156085636888103,0.0983564875295556,356.02,201.59,33086.66650684932
2021,16,Loreto,7,Selva,6,63,7813.2926025390625,36063.8962097168,0.4179223746068696,0.07258993763012102,270.08,162.26,30736.379365079363
2021,16,Loreto,7,Selva,7,295,36883.50562286377,175069.03652954102,0.5048061137019481,0.16324335238802745,270.08,162.26,19374.49715254237
2021,16,Loreto,7,Selva,8,176,22751.290718078613,111980.82903289795,0.5748914201558021,0.18620364844765905,270.08,162.26,16785.983522727274
2021,17,Madre de Dios,7,Selva,3,299,22620.33460998535,76036.00906705856,0.02156947866706247,0.0,349.04,201.59,48011.054983277594
2021,17,Madre de Dios,7,Selva,5,120,15891.592143058777,56300.538118839264,0.15132838792395756,0.03432516297455626,349.04,201.59,36431.301666666666
2021,17,Madre de Dios,7,Selva,6,23,971.9897193908691,2863.739585876465,0.0,0.0,265.2,162.26,30380.38086956522
2021,17,Madre de Dios,7,Selva,7,92,3226.60831451416,10468.049127578735,0.1320526006290401,0.0,265.2,162.26,33546.77804347826
2021,17,Madre de Dios,7,Selva,8,87,3543.9989280700684,10667.460903167725,0.047275118749887025,0.01281220165875975,265.2,162.26,30315.002068965518
2021,18,Moquegua,3,Costa Sur,3,700,46859.572518110275,141357.58138489723,0.08427457403242544,0.006194076721648094,372.96,189.65,51541.37478571429
2021,18,Moquegua,3,Costa Sur,5,12,845.00830078125,2601.816680908203,0.07980058583099443,0.0,372.96,189.65,24139.204166666666
2021,18,Moquegua,3,Costa Sur,7,27,1248.9365921020508,2429.9781608581543,0.0,0.0,298.22,165.9,26475.494074074075
2021,18,Moquegua,3,Costa Sur,8,8,501.2087097167969,1190.3706855773926,0.0,0.0,298.22,165.9,25522.36125
2021,18,Moquegua,6,Sierra Sur,5,23,4111.29704284668,11274.691856384277,0.031187022553947723,0.0,327.04,180.57,80937.3395652174
2021,18,Moquegua,6,Sierra Sur,6,80,4994.518695831299,11837.057411193848,0.2910116647256256,0.04879034886388757,276.29,171.6,18643.073125
2021,18,Moquegua,6,Sierra Sur,7,62,3999.4133911132812,8949.100749969482,0.1821912313644764,0.05526223257560165,276.29,171.6,18111.515
2021,18,Moquegua,6,Sierra Sur,8,70,4276.11381149292,10373.727745056152,0.17196816972191376,0.06866664189217957,276.29,171.6,17840.437857142857
2021,19,Pasco,5,Sierra Centro,3,237,19916.659114837646,69460.27138471603,0.2834022393177644,0.024068241739432596,329.86,180.57,32817.28046413502
2021,19,Pasco,5,Sierra Centro,5,153,34957.55044555664,119543.37454605103,0.5621528072165753,0.08990669023959598,329.86,180.57,25404.68117647059
2021,19,Pasco,5,Sierra Centro,6,54,3626.0928955078125,11005.260402679443,0.3210666044792021,0.01260038351070933,278.31,171.6,21171.162962962964
2021,19,Pasco,5,Sierra Centro,7,133,9063.16000366211,31858.751831054688,0.49297402162185194,0.1946925893539597,278.31,171.6,16689.492406015037
2021,19,Pasco,5,Sierra Centro,8,51,3451.9296264648438,11674.516189575195,0.4560234395064444,0.06304226191975915,278.31,171.6,16877.307843137256
2021,19,Pasco,7,Selva,5,101,11039.927749633789,34817.16187286377,0.3157127073204506,0.03302042128256649,359.91,201.59,26370.767425742575
2021,19,Pasco,7,Selva,6,16,1254.2543334960938,4091.798828125,0.145701854676919,0.09106365917307438,272.79,162.26,17940.043125
2021,19,Pasco,7,Selva,7,65,4986.77294921875,20519.319732666016,0.34647896878232176,0.059852601472344384,272.79,162.26,23820.255846153847
2021,19,Pasco,7,Selva,8,76,5757.012023925781,19754.53581237793,0.2920096172965691,0.037552610874181165,272.79,162.26,17958.110263157894
2021,20,Piura,1,Costa Norte,2,529,129653.8870639801,487538.5158405304,0.1552136621935736,0.0,384.62,189.65,51899.194215500946
2021,20,Piura,1,Costa Norte,3,233,77779.42835617065,309559.6920967102,0.16027749921848675,0.0069627712056048435,384.62,189.65,41613.54738197425
2021,20,Piura,1,Costa Norte,4,200,83281.78555297852,318023.2048339844,0.297467963884413,0.005144982284349219,384.62,189.65,34212.4722
2021,20,Piura,1,Costa Norte,5,234,113508.16725158691,421951.78465270996,0.287242838157074,0.016137896973976468,384.62,189.65,32922.836623931624
2021,20,Piura,1,Costa Norte,6,16,4170.7642822265625,13872.813491821289,0.13474631861641123,0.0,306.64,165.9,38778.636875
2021,20,Piura,1,Costa Norte,7,182,49139.253021240234,177848.77503967285,0.2611218721243615,0.01621428882828534,306.64,165.9,26138.47587912088
2021,20,Piura,1,Costa Norte,8,55,14898.789657592773,50809.87599182129,0.2629061599663461,0.0,306.64,165.9,27310.677272727273
2021,20,Piura,4,Sierra Norte,5,12,4866.152114868164,19966.928550720215,0.37826144462308003,0.0,336.36,180.57,35308.75083333333
2021,20,Piura,4,Sierra Norte,7,125,30094.764556884766,98358.54325866699,0.5393843469676717,0.23566315772734198,282.95,171.6,16709.84064
2021,20,Piura,4,Sierra Norte,8,46,11432.70751953125,40696.34130859375,0.6687993713821571,0.2354642577217194,282.95,171.6,17717.14347826087
2021,21,Puno,6,Sierra Sur,2,283,114521.70116615295,394196.0350551605,0.22281000996861514,0.03380861800285366,339.33,180.57,31642.37144876325
2021,21,Puno,6,Sierra Sur,4,6,6607.56884765625,22025.2294921875,0.85,0.0,339.33,180.57,14836.053333333333
2021,21,Puno,6,Sierra Sur,5,183,168888.1280822754,512790.9015197754,0.5098863791535801,0.13456390742385527,339.33,180.57,21345.856830601093
2021,21,Puno,6,Sierra Sur,6,68,22139.453002929688,68889.2192993164,0.26658929915916746,0.10084297168653687,285.08,171.6,19748.177352941177
2021,21,Puno,6,Sierra Sur,7,465,154323.06451416016,392533.71759033203,0.5058822377558467,0.16838915548293593,285.08,171.6,11439.660903225806
2021,21,Puno,6,Sierra Sur,8,122,41347.29861450195,107096.73049926758,0.5155194519716826,0.17006172374302148,285.08,171.6,11956.51106557377
2021,21,Puno,7,Selva,7,16,9813.564453125,24423.969665527344,0.3333515367797536,0.0,279.81,162.26,8539.498125
2021,22,San Martin,7,Selva,2,283,29316.62437057495,101070.64553451538,0.07027134129508518,0.0,344.91,201.59,61705.797915194344
2021,22,San Martin,7,Selva,3,116,20609.880516052246,67891.0446395874,0.11776013330689322,0.015013930365001543,344.91,201.59,44668.67344827586
2021,22,San Martin,7,Selva,4,125,32323.114112854004,106207.5514831543,0.17205243044700355,0.005838781155263172,344.91,201.59,38362.69096
2021,22,San Martin,7,Selva,5,305,103903.26724243164,355166.3564682007,0.24306132629341026,0.05105307518946136,344.91,201.59,33893.766098360655
2021,22,San Martin,7,Selva,6,48,7026.050537109375,23094.365173339844,0.2077866144037377,0.03966368516818861,262.32,162.26,28049.438541666666
2021,22,San Martin,7,Selva,7,342,48938.73825836182,189906.03842163086,0.24069907006673677,0.09291363049044428,262.32,162.26,21499.77032163743
2021,22,San Martin,7,Selva,8,115,16704.1143951416,62076.027893066406,0.2209990741284805,0.06236401178175419,262.32,162.26,24670.85904347826
2021,23,Tacna,3,Costa Sur,2,951,96200.15300369263,310460.24852466583,0.216289754807281,0.004990644084044521,377.59,189.65,34911.32942166141
2021,23,Tacna,3,Costa Sur,5,72,1942.3798370361328,4851.2203540802,0.14467589305764877,0.0,377.59,189.65,28217.589027777776
2021,23,Tacna,3,Costa Sur,6,37,1247.637414932251,3229.3420906066895,0.23275307070592807,0.0,301.57,165.9,23446.74081081081
2021,23,Tacna,3,Costa Sur,7,123,7022.070362091064,19709.958408355713,0.17807555478003084,0.015100202291887457,301.57,165.9,26369.977967479674
2021,23,Tacna,3,Costa Sur,8,20,640.9507656097412,1837.7186813354492,0.40075337190631083,0.0,301.57,165.9,25290.0225
2021,23,Tacna,6,Sierra Sur,5,29,3385.805938720703,8334.999893188477,0.0994322351887514,0.0,330.75,180.57,29070.65896551724
2021,23,Tacna,6,Sierra Sur,6,59,5505.742794036865,14689.609321594238,0.32019742876094903,0.09812611591919125,278.94,171.6,16531.95440677966
2021,23,Tacna,6,Sierra Sur,7,8,828.0956420898438,1345.655418395996,0.6153846153846154,0.23076923076923078,278.94,171.6,14063.49375
2021,23,Tacna,6,Sierra Sur,8,22,1651.8730506896973,3509.6922035217285,0.24676525055950185,0.06536576813671585,278.94,171.6,22641.65
2021,24,Tumbes,1,Costa Norte,3,378,28988.202717781067,101202.28909158707,0.1758153437513033,0.0,382.91,189.65,44316.64666666667
2021,24,Tumbes,1,Costa Norte,4,93,11689.40382862091,40339.05070018768,0.17690184201218465,0.0,382.91,189.65,31518.922043010753
2021,24,Tumbes,1,Costa Norte,5,234,31029.190490722656,104853.06237792969,0.21668722946607877,0.009405468805306037,382.91,189.65,30653.751495726498
2021,24,Tumbes,1,Costa Norte,7,94,1381.3096408843994,4324.585859298706,0.1812482177841448,0.0,305.41,165.9,24772.753829787234
2021,24,Tumbes,1,Costa Norte,8,64,750.1949691772461,2418.915650367737,0.2112993043982233,0.02005799758713719,305.41,165.9,22088.478125
2021,25,Ucayali,7,Selva,2,615,78576.02341461182,309968.14837265015,0.13364244714648696,0.0,357.5,201.59,42575.383837398374
2021,25,Ucayali,7,Selva,4,54,9786.979522705078,32487.289169311523,0.12384352194407268,0.0,357.5,201.59,31899.523333333334
2021,25,Ucayali,7,Selva,5,145,25450.64172077179,95778.49084663391,0.20665195218615712,0.0334146577041522,357.5,201.59,29981.23724137931
2021,25,Ucayali,7,Selva,6,16,1116.0089721679688,3965.011863708496,0.12042431198099889,0.0,271.11,162.26,30959.434375
2021,25,Ucayali,7,Selva,7,210,14871.39998626709,55337.79842376709,0.24501126094972742,0.02354538353658389,271.11,162.26,20588.70795238095
2021,25,Ucayali,7,Selva,8,103,7451.341857910156,30892.05940246582,0.34565094736080815,0.06692286905650051,271.11,162.26,21312.376213592233
2022,01,Amazonas,4,Sierra Norte,4,138,14596.097675323486,50805.27756881714,0.1415613135637619,0.05465505657484135,349.29,203.69,54259.54014492754
2022,01,Amazonas,4,Sierra Norte,5,33,6448.509979248047,17805.664443969727,0.11096274974113837,0.0,349.29,203.69,28451.940606060605
2022,01,Amazonas,4,Sierra Norte,6,67,4645.692207336426,15340.84536743164,0.24564242149717508,0.08153093929653948,299.92,195.85,27509.27208955224
2022,01,Amazonas,4,Sierra Norte,7,100,6850.176254272461,24008.649879455566,0.32963082083049383,0.1690752349754397,299.92,195.85,19188.2013
2022,01,Amazonas,4,Sierra Norte,8,85,5937.234481811523,17388.77442932129,0.22836420322169332,0.023562088129708454,299.92,195.85,22208.515294117646
2022,01,Amazonas,7,Selva,4,155,29296.64695739746,98038.94166564941,0.20254713366894764,0.018646822995138947,378.17,223.77,37378.755032258065
2022,01,Amazonas,7,Selva,5,105,22348.471313476562,74370.7163772583,0.28649786776526487,0.06245314706819036,378.17,223.77,36437.41742857143
2022,01,Amazonas,7,Selva,6,39,2656.1713676452637,8141.232364654541,0.17299174409820728,0.0,292.24,184.44,26323.29
2022,01,Amazonas,7,Selva,7,397,27277.200485229492,98717.46267700195,0.4313321881014842,0.1584366399689453,292.24,184.44,22448.217909319897
2022,01,Amazonas,7,Selva,8,146,9875.39945602417,34667.76945114136,0.37612144206258147,0.13338738554400945,292.24,184.44,21421.849520547945
2022,02,Ancash,2,Costa Centro,2,406,113989.47333478928,394987.248816967,0.11427860928620448,0.005733823965960744,417.05,214.74,46251.97450738916
2022,02,Ancash,2,Costa Centro,4,72,26255.940032958984,95014.65832519531,0.20437207438828045,0.0,417.05,214.74,41356.249444444446
2022,02,Ancash,2,Costa Centro,5,46,17068.422213554382,56980.919845581055,0.08212595603918559,0.0,417.05,214.74,39646.30456521739
2022,02,Ancash,2,Costa Centro,6,8,1346.6060791015625,3703.166717529297,0.0,0.0,336.67,190.64,43518.5975
2022,02,Ancash,2,Costa Centro,7,46,7383.603759765625,26367.508331298828,0.4379411810467172,0.03191916311786822,336.67,190.64,19272.145434782607
2022,02,Ancash,2,Costa Centro,8,16,2693.212158203125,8752.939514160156,0.38461538461538464,0.11538461538461539,336.67,190.64,15216.446875
2022,02,Ancash,5,Sierra Centro,2,111,23795.208141326904,82080.11317825317,0.10938273251050672,0.0,365.34,203.69,66249.89414414414
2022,02,Ancash,5,Sierra Centro,3,36,7533.907775878906,24160.458435058594,0.18957090095611703,0.0,365.34,203.69,47890.040555555555
2022,02,Ancash,5,Sierra Centro,5,100,38532.80229187012,124793.89979553223,0.2565273351262923,0.038758092394419415,365.34,203.69,37422.4286
2022,02,Ancash,5,Sierra Centro,6,133,27552.455780029297,84081.02024841309,0.24707008386370255,0.08693553808942131,311.39,195.85,24597.104812030077
2022,02,Ancash,5,Sierra Centro,7,279,57544.48391723633,181986.89450073242,0.31469457383249827,0.10294211805844504,311.39,195.85,22430.25283154122
2022,02,Ancash,5,Sierra Centro,8,156,32406.07078552246,107412.43809509277,0.44454991122222226,0.12308610787855401,311.39,195.85,18292.475
2022,03,Apurimac,6,Sierra Sur,3,209,34739.167514801025,115158.18912124634,0.1450890093670814,0.0071330706879303195,353.89,203.69,49936.18081339713
2022,03,Apurimac,6,Sierra Sur,4,12,3618.39404296875,10259.577819824219,0.11804633797700097,0.0,353.89,203.69,33322.75
2022,03,Apurimac,6,Sierra Sur,5,99,29631.4755859375,97734.9633178711,0.2340755306666916,0.00716087503517532,353.89,203.69,39218.946363636365
2022,03,Apurimac,6,Sierra Sur,6,168,23226.30982208252,68889.31531524658,0.31116116181241055,0.04377540309693926,303.2,195.85,21504.10738095238
2022,03,Apurimac,6,Sierra Sur,7,366,50356.04193878174,150623.8662185669,0.31907135375655776,0.05578071397479991,303.2,195.85,19379.30663934426
2022,03,Apurimac,6,Sierra Sur,8,93,12971.044235229492,39045.15690612793,0.21740678746187844,0.07347916726604574,303.2,195.85,21551.96548387097
2022,04,Arequipa,3,Costa Sur,4,168,32048.08283996582,99347.17938232422,0.2650727502859216,0.016466603215784442,417.55,214.74,35092.090833333335
2022,04,Arequipa,3,Costa Sur,5,113,20133.644325256348,59131.0132522583,0.14548494925604594,0.046469253040054115,417.55,214.74,36948.28796460177
2022,04,Arequipa,3,Costa Sur,6,16,1271.9732666015625,2943.772003173828,0.055596801132754274,0.055596801132754274,337.02,190.64,30801.166875
2022,04,Arequipa,3,Costa Sur,7,86,7195.787055969238,22663.054107666016,0.08926843948886971,0.0,337.02,190.64,40143.54290697674
2022,04,Arequipa,3,Costa Sur,8,27,2125.1553115844727,6524.373199462891,0.25907723700802815,0.09881072634879969,337.02,190.64,51184.63555555556
2022,04,Arequipa,6,Sierra Sur,1,791,266412.43483161926,917563.8210353851,0.10265269259628203,0.007799625598012142,365.74,203.69,59727.08618204804
2022,04,Arequipa,6,Sierra Sur,4,77,26686.624633789062,83322.39205932617,0.25607384675334793,0.01825247385639138,365.74,203.69,26255.505454545455
2022,04,Arequipa,6,Sierra Sur,5,84,33566.1671295166,118506.54861450195,0.10567081863529076,0.07143443414022067,365.74,203.69,42537.692976190476
2022,04,Arequipa,6,Sierra Sur,6,61,9044.17756652832,28518.938537597656,0.17427905835659435,0.0384816826154377,311.68,195.85,31653.549016393445
2022,04,Arequipa,6,Sierra Sur,7,49,7212.601913452148,21626.30451965332,0.378986543549771,0.19271105713849693,311.68,195.85,27032.3806122449
2022,04,Arequipa,6,Sierra Sur,8,67,9164.992797851562,24078.804649353027,0.3924845658439569,0.14314524678069646,311.68,195.85,26898.61313432836
2022,05,Ayacucho,5,Sierra Centro,2,280,68521.59051418304,227152.55976104736,0.23948347305145049,0.004011727538607669,368.12,203.69,40608.16525
2022,05,Ayacucho,5,Sierra Centro,4,43,11547.990173339844,36445.71740722656,0.4821160556372034,0.08173491135885257,368.12,203.69,38725.07558139535
2022,05,Ayacucho,5,Sierra Centro,5,114,47605.48373413086,148668.51385498047,0.4170932559850047,0.07190010898380092,368.12,203.69,28098.441754385964
2022,05,Ayacucho,5,Sierra Centro,6,170,27294.874481201172,71783.12886047363,0.43106695435637626,0.12605129672485518,313.38,195.85,16431.142117647058
2022,05,Ayacucho,5,Sierra Centro,7,319,51498.25567626953,150035.52601623535,0.5647103914012956,0.26434929710316546,313.38,195.85,12953.9965830721
2022,05,Ayacucho,5,Sierra Centro,8,120,19755.747436523438,54582.96276855469,0.5282443388978966,0.18892353377834425,313.38,195.85,13177.6185
2022,05,Ayacucho,7,Selva,5,40,13631.418487548828,37437.34149169922,0.3339186717230385,0.055096950462327106,398.13,223.77,24596.07975
2022,05,Ayacucho,7,Selva,7,52,5273.427536010742,18410.926231384277,0.5508028961281106,0.1986153127597496,306.17,184.44,12791.001923076923
2022,05,Ayacucho,7,Selva,8,7,455.8333435058594,1758.2143249511719,0.5925925925925926,0.37037037037037035,306.17,184.44,14490.121428571429
2022,06,Cajamarca,1,Costa Norte,5,6,871.3553466796875,2178.3883666992188,0.6,0.0,398.14,214.74,33264.16166666667
2022,06,Cajamarca,1,Costa Norte,6,8,702.9664306640625,1933.1576843261719,0.7272727272727273,0.0,323.02,190.64,10257.2875
2022,06,Cajamarca,1,Costa Norte,7,31,2756.7851486206055,7623.8798828125,0.7032552381382101,0.2725333424604639,323.02,190.64,10650.36741935484
2022,06,Cajamarca,1,Costa Norte,8,16,1304.796875,5382.287109375,0.8636363636363636,0.6060606060606061,323.02,190.64,13288.770625
2022,06,Cajamarca,4,Sierra Norte,2,186,51344.682207107544,171105.25205421448,0.10199300583372957,0.0,350.23,203.69,48730.195
2022,06,Cajamarca,4,Sierra Norte,4,27,11047.186828613281,35301.30976104736,0.14540314200650445,0.0,350.23,203.69,39197.92074074074
2022,06,Cajamarca,4,Sierra Norte,5,153,81194.40344238281,258890.19827270508,0.41711276134646,0.05817108726743953,350.23,203.69,30280.36424836601
2022,06,Cajamarca,4,Sierra Norte,6,70,23765.362091064453,68161.54916381836,0.5221693975219698,0.21218559051248112,300.6,195.85,19595.395857142856
2022,06,Cajamarca,4,Sierra Norte,7,510,175325.8755493164,537018.6710510254,0.5852421911495674,0.3115475930514744,300.6,195.85,13655.845117647059
2022,06,Cajamarca,4,Sierra Norte,8,107,36001.91403198242,118589.98306274414,0.5807457912232222,0.3930890666041194,300.6,195.85,14934.077009345794
2022,06,Cajamarca,7,Selva,3,79,28185.258712768555,93065.4259185791,0.18756687559172616,0.00995702349634191,379.17,223.77,36592.4853164557
2022,06,Cajamarca,7,Selva,5,41,26371.203048706055,72449.41831970215,0.2770434509600409,0.06678828964841847,379.17,223.77,30821.022926829268
2022,06,Cajamarca,7,Selva,6,22,5352.922637939453,14194.253189086914,0.23820342360806482,0.07626998367316118,292.93,184.44,22266.94181818182
2022,06,Cajamarca,7,Selva,7,172,42013.19374084473,132075.87049865723,0.4593892643309876,0.15750364530819055,292.93,184.44,18066.153720930233
2022,06,Cajamarca,7,Selva,8,44,10910.352355957031,35965.7431640625,0.6856378374484553,0.2556522410064634,292.93,184.44,14697.725909090908
2022,07,Callao,8,Lima Metropolitana,1,1006,312772.9589920044,1111898.6996917725,0.30818521565154394,0.040940498042955964,510.12,265.67,47621.832534791254
2022,08,Cusco,6,Sierra Sur,2,308,105393.49551010132,354339.8936367035,0.0638266412281679,0.0,366.76,203.69,48686.52272727273
2022,08,Cusco,6,Sierra Sur,4,74,40428.431076049805,120977.70691680908,0.23499461945103678,0.0,366.76,203.69,32535.63418918919
2022,08,Cusco,6,Sierra Sur,5,142,102680.72918701172,310201.8079223633,0.1819736355787464,0.0,366.76,203.69,26440.358028169016
2022,08,Cusco,6,Sierra Sur,6,81,22295.927444458008,69609.6650390625,0.22728085276496532,0.06645650291868173,312.41,195.85,22827.361481481483
2022,08,Cusco,6,Sierra Sur,7,346,95578.90901184082,289611.3801727295,0.36060933664174527,0.05729788114273572,312.41,195.85,16947.65942196532
2022,08,Cusco,6,Sierra Sur,8,121,33566.27876281738,92545.93978881836,0.44042075868639396,0.15522474815549792,312.41,195.85,13582.141900826446
2022,08,Cusco,7,Selva,4,12,2020.6687002182007,5409.292701244354,0.06097479348736656,0.0,396.7,223.77,42861.615
2022,08,Cusco,7,Selva,5,42,18008.425786972046,58941.313727378845,0.2573276776891891,0.0012708624352161045,396.7,223.77,28989.756666666668
2022,08,Cusco,7,Selva,6,8,1829.255126953125,5487.765380859375,0.5416666666666666,0.0,305.17,184.44,17068.7925
2022,08,Cusco,7,Selva,7,62,14950.597473144531,44928.50509643555,0.2226239102190118,0.020357400307741944,305.17,184.44,21847.344838709676
2022,08,Cusco,7,Selva,8,37,8907.559173583984,31481.334518432617,0.08058907231851895,0.0,305.17,184.44,28256.96945945946
2022,09,Huancavelica,5,Sierra Centro,4,123,19256.296676397324,68921.27896976471,0.26260139551686157,0.046995183594065876,362.5,203.69,43793.50886178862
2022,09,Huancavelica,5,Sierra Centro,5,112,21862.811653375626,73830.11970806122,0.36575433174922817,0.04056180256918688,362.5,203.69,27953.129732142857
2022,09,Huancavelica,5,Sierra Centro,6,171,25727.42936706543,80893.09460449219,0.25486887973955413,0.026353079464834464,309.37,195.85,23975.309824561406
2022,09,Huancavelica,5,Sierra Centro,7,472,70838.7407989502,230023.45693969727,0.4715259797052184,0.15760536329005723,309.37,195.85,15870.659555084747
2022,09,Huancavelica,5,Sierra Centro,8,162,24206.444564819336,71542.28512573242,0.3088224199047179,0.08186996419817602,309.37,195.85,16301.922098765432
2022,10,Huanuco,5,Sierra Centro,2,38,18228.356384277344,62616.33102416992,0.24924030232819558,0.07419076349217162,367.93,203.69,52158.43657894737
2022,10,Huanuco,5,Sierra Centro,5,110,72443.4743347168,220661.84664916992,0.39015498716081704,0.05594877776830039,367.93,203.69,26729.195545454546
2022,10,Huanuco,5,Sierra Centro,6,94,22386.434448242188,67440.48120117188,0.2723804365749862,0.06867318958230281,313.25,195.85,23334.470319148935
2022,10,Huanuco,5,Sierra Centro,7,337,79312.810546875,257410.99394226074,0.5078978313170648,0.19039112054832452,313.25,195.85,17521.162789317506
2022,10,Huanuco,5,Sierra Centro,8,147,35034.7179107666,120818.22958374023,0.6314349882376162,0.20141798968488572,313.25,195.85,15081.231360544218
2022,10,Huanuco,7,Selva,2,237,15766.125340223312,52086.960295677185,0.2672128351554364,0.050054704736326644,397.94,223.77,54688.15848101266
2022,10,Huanuco,7,Selva,3,63,4522.264125347137,13413.842506408691,0.2630794362188907,0.0,397.94,223.77,40129.829047619045
2022,10,Huanuco,7,Selva,4,14,1325.1218643188477,4448.884002685547,0.2637497415558818,0.08580431839585495,397.94,223.77,38868.15142857143
2022,10,Huanuco,7,Selva,5,62,6578.853805541992,22916.2032623291,0.3835931826596411,0.11375187251849993,397.94,223.77,32052.699677419354
2022,10,Huanuco,7,Selva,6,28,4220.295074462891,15007.395179748535,0.2886484643325165,0.17992903981617084,306.04,184.44,27161.576785714286
2022,10,Huanuco,7,Selva,7,102,18226.404357910156,55089.29683685303,0.34482254061134815,0.08670492363139305,306.04,184.44,21289.636176470587
2022,10,Huanuco,7,Selva,8,31,5658.396545410156,18355.434204101562,0.339566167483942,0.052125001671735165,306.04,184.44,19547.81129032258
2022,11,Ica,2,Costa Centro,2,841,143588.15728211403,469823.31645560265,0.05256618497596316,0.0,443.37,214.74,51565.392782401905
2022,11,Ica,2,Costa Centro,3,24,4436.60139465332,15058.97476196289,0.07391705100036126,0.0,443.37,214.74,49394.222083333334
2022,11,Ica,2,Costa Centro,4,216,52538.411345005035,178503.66927957535,0.06388538499399049,0.0,443.37,214.74,47231.36263888889
2022,11,Ica,2,Costa Centro,5,207,42839.613500118256,132600.07841825485,0.03212209950874339,0.0,443.37,214.74,47867.01874396135
2022,11,Ica,2,Costa Centro,6,29,1891.739501953125,5955.907081604004,0.0,0.0,355.67,190.64,43259.84103448276
2022,11,Ica,2,Costa Centro,7,139,9091.008850097656,25967.9977684021,0.048236301222663744,0.0,355.67,190.64,33883.7564028777
2022,11,Ica,2,Costa Centro,8,48,2977.5911560058594,10072.61072921753,0.0,0.0,355.67,190.64,38394.00895833333
2022,11,Ica,5,Sierra Centro,6,8,397.25811767578125,1092.4598236083984,0.0,0.0,326.43,195.85,18068.185
2022,11,Ica,5,Sierra Centro,8,8,409.2107238769531,1534.5402145385742,0.0,0.0,326.43,195.85,20210.24375
2022,12,Junin,5,Sierra Centro,2,390,88053.48833274841,255810.99200820923,0.09455079689232888,0.0,360.05,203.69,42951.40571794872
2022,12,Junin,5,Sierra Centro,4,54,27582.45181274414,90663.47080993652,0.16286977656474275,0.0,360.05,203.69,34696.67333333333
2022,12,Junin,5,Sierra Centro,5,290,148358.2890625,451661.29948425293,0.1988671809214258,0.00279472518955421,360.05,203.69,36683.33544827586
2022,12,Junin,5,Sierra Centro,6,117,28772.107391357422,71263.27868652344,0.19877681200686456,0.03622393793903325,307.61,195.85,21776.814273504275
2022,12,Junin,5,Sierra Centro,7,169,40629.41230773926,121210.37991333008,0.31707270427191925,0.10403771447819682,307.61,195.85,20297.451183431953
2022,12,Junin,5,Sierra Centro,8,70,17153.849609375,53656.47090148926,0.43784405295950346,0.12080300656545584,307.61,195.85,18187.910428571427
2022,12,Junin,7,Selva,4,103,34056.03756713867,109797.51441955566,0.07196967349025861,0.0,389.58,223.77,47959.47233009709
2022,12,Junin,7,Selva,5,45,23200.103927612305,74803.34326171875,0.33215489525898595,0.03547154473343767,389.58,223.77,34990.76977777778
2022,12,Junin,7,Selva,6,8,1963.613525390625,4418.130432128906,0.1111111111111111,0.0,300.2,184.44,14204.19
2022,12,Junin,7,Selva,7,193,38062.49575805664,138526.71389770508,0.3729712742537401,0.1298340116688888,300.2,184.44,21967.048756476685
2022,12,Junin,7,Selva,8,82,16834.824340820312,58228.08067321777,0.303474409637272,0.10454857443615052,300.2,184.44,22397.784268292682
2022,13,La Libertad,1,Costa Norte,1,629,227364.39860534668,807730.0589179993,0.23003169541749205,0.010068715619111988,414.87,214.74,51494.784848966614
2022,13,La Libertad,1,Costa Norte,3,57,27970.45770263672,104006.3723449707,0.11577024903812955,0.024417362340776586,414.87,214.74,45597.95298245614
2022,13,La Libertad,1,Costa Norte,4,235,122893.10610961914,447989.586517334,0.2759328110747467,0.03314583310532466,414.87,214.74,37304.43740425532
2022,13,La Libertad,1,Costa Norte,5,130,53032.454849243164,185811.29388427734,0.2829731416840933,0.0,414.87,214.74,32414.452923076922
2022,13,La Libertad,1,Costa Norte,7,62,14855.390502929688,51112.23123168945,0.35959770889757475,0.08296688666750428,335.1,190.64,36837.829032258065
2022,13,La Libertad,1,Costa Norte,8,16,3917.8468017578125,11748.569793701172,0.29030927771853254,0.0,335.1,190.64,28257.95875
2022,13,La Libertad,4,Sierra Norte,4,41,15309.5620803833,50652.18332672119,0.1687533173717424,0.0,363.61,203.69,38698.45243902439
2022,13,La Libertad,4,Sierra Norte,5,73,19327.377960205078,63104.79705810547,0.2333858828890448,0.026274762944682572,363.61,203.69,40551.91397260274
2022,13,La Libertad,4,Sierra Norte,6,43,13686.111465454102,38688.504302978516,0.3727808651764028,0.05097071937837299,310.15,195.85,20179.817441860465
2022,13,La Libertad,4,Sierra Norte,7,214,67070.02116394043,226120.1357574463,0.5116081097582869,0.18981688362627597,310.15,195.85,17133.280514018694
2022,13,La Libertad,4,Sierra Norte,8,44,13672.027374267578,43189.962890625,0.6399315416719858,0.290197436563065,310.15,195.85,13782.116363636364
2022,14,Lambayeque,1,Costa Norte,1,468,110095.32314968109,410995.5551433563,0.11441924208334978,0.0,417.96,214.74,52394.11908119658
2022,14,Lambayeque,1,Costa Norte,2,121,27346.132767677307,104387.33292484283,0.174131480856546,0.0,417.96,214.74,51214.02661157025
2022,14,Lambayeque,1,Costa Norte,3,53,14940.755569458008,48151.67726898193,0.18769547546063295,0.0,417.96,214.74,41621.33
2022,14,Lambayeque,1,Costa Norte,4,163,49521.49473571777,183933.92401885986,0.178122550132141,0.011557811026411154,417.96,214.74,39365.18036809816
2022,14,Lambayeque,1,Costa Norte,5,299,103273.24964904785,376896.19104003906,0.13615236184262322,0.009797006753024817,417.96,214.74,40690.54254180602
2022,14,Lambayeque,1,Costa Norte,7,253,45504.49514007568,174303.5361175537,0.09228380772265496,0.0,337.32,190.64,38305.371778656125
2022,14,Lambayeque,1,Costa Norte,8,16,2506.3826904296875,9106.161865234375,0.028425599922828698,0.0,337.32,190.64,31695.88875
2022,14,Lambayeque,4,Sierra Norte,6,8,1332.38671875,5829.19189453125,0.4,0.2,311.92,195.85,20029.0975
2022,14,Lambayeque,4,Sierra Norte,7,23,3772.940155029297,14954.910736083984,0.7247104896602696,0.3934380203725793,311.92,195.85,15931.530869565217
2022,14,Lambayeque,4,Sierra Norte,8,8,1425.521484375,4098.374267578125,0.13043478260869565,0.0,311.92,195.85,23682.55125
2022,15,Lima,2,Costa Centro,2,349,86412.03982543945,294448.55041122437,0.22194708431920798,0.0158220650505697,407.42,214.74,40725.09203438395
2022,15,Lima,2,Costa Centro,3,314,74048.61894607544,238617.4891166687,0.1487656868451765,0.011700290415567065,407.42,214.74,39103.00076433121
2022,15,Lima,2,Costa Centro,4,118,31308.094123840332,108948.93935394287,0.3120843159419519,0.027589544969474245,407.42,214.74,38068.21355932204
2022,15,Lima,2,Costa Centro,5,138,37270.3878326416,116431.51635742188,0.21887045446790407,0.028285831944140666,407.42,214.74,43117.71695652174
2022,15,Lima,2,Costa Centro,6,31,3787.2494888305664,11276.322540283203,0.29086243391611677,0.08979852620064689,329.71,190.64,23483.059677419355
2022,15,Lima,2,Costa Centro,7,148,17875.74530029297,59495.90648651123,0.23194409095601085,0.020076016554157937,329.71,190.64,36305.49337837838
2022,15,Lima,2,Costa Centro,8,32,4110.957458496094,10109.714134216309,0.07256825165777564,0.03587540323009067,329.71,190.64,26695.7871875
2022,15,Lima,5,Sierra Centro,5,42,16217.402206420898,57430.531021118164,0.18861486484132067,0.029736899665662404,357.65,203.69,29846.40166666667
2022,15,Lima,5,Sierra Centro,6,159,16035.109092712402,43129.40641784668,0.4468513458571086,0.18371127471191406,305.89,195.85,17644.93062893082
2022,15,Lima,5,Sierra Centro,7,61,6201.033126831055,19742.148109436035,0.4381870638355026,0.20598720827251477,305.89,195.85,19031.135409836064
2022,15,Lima,5,Sierra Centro,8,66,6479.361183166504,20193.26605987549,0.365785602423055,0.1464100590533388,305.89,195.85,22795.666666666668
2022,15,Lima,8,Lima Metropolitana,1,3094,2915105.024810791,10022136.542312622,0.2687063747778779,0.027839998219021084,510.12,265.67,58978.85394957983
2022,16,Loreto,7,Selva,2,539,97521.21364414692,391387.2521593571,0.20850213825083788,0.03590891913640562,390.17,223.77,56600.918311688314
2022,16,Loreto,7,Selva,3,101,24570.177179574966,91556.13543069363,0.3743395298114202,0.0686261946331069,390.17,223.77,45039.81960396039
2022,16,Loreto,7,Selva,4,88,24360.80842590332,107129.32350158691,0.3628524445647082,0.08395302462747002,390.17,223.77,39747.87386363636
2022,16,Loreto,7,Selva,5,146,45088.5012512207,201306.55374145508,0.4931008665702962,0.18077083095647026,390.17,223.77,44166.724794520545
2022,16,Loreto,7,Selva,6,54,6742.911476135254,30851.469192504883,0.41050731086598563,0.25456862456631585,300.61,184.44,25885.087037037036
2022,16,Loreto,7,Selva,7,278,35597.37830352783,170287.980758667,0.5395464125979769,0.1666096979337498,300.61,184.44,21636.955
2022,16,Loreto,7,Selva,8,183,24261.43341064453,122774.59169769287,0.6941873484513803,0.3692340941277329,300.61,184.44,15555.719289617486
2022,17,Madre de Dios,7,Selva,3,285,21220.682190418243,77136.67918491364,0.11000361733793909,0.01410511774211129,382.92,223.77,49621.30192982456
2022,17,Madre de Dios,7,Selva,5,139,17486.766691207886,60297.67919540405,0.18812537104123375,0.018994393856643657,382.92,223.77,42325.96287769784
2022,17,Madre de Dios,7,Selva,6,21,978.0938568115234,2649.241443634033,0.0,0.0,295.55,184.44,43161.18380952381
2022,17,Madre de Dios,7,Selva,7,82,3101.6327896118164,10740.654689788818,0.10076069774903673,0.017586787880094323,295.55,184.44,51371.428414634145
2022,17,Madre de Dios,7,Selva,8,88,3818.315908432007,10109.976387023926,0.1039675649607956,0.01143620084092198,295.55,184.44,28647.79534090909
2022,18,Moquegua,3,Costa Sur,3,693,47853.428032398224,142577.28069400787,0.07279197529242544,0.004484432216884136,413.92,214.74,58431.06067821068
2022,18,Moquegua,3,Costa Sur,5,12,837.1152648925781,2991.1537857055664,0.0,0.0,413.92,214.74,36046.15
2022,18,Moquegua,3,Costa Sur,7,28,1349.7864074707031,2922.5831413269043,0.25686517149102067,0.0,334.41,190.64,29407.54357142857
2022,18,Moquegua,3,Costa Sur,8,8,328.18524169921875,738.4167938232422,0.0,0.0,334.41,190.64,27642.5
2022,18,Moquegua,6,Sierra Sur,5,28,3849.6806716918945,10575.98600769043,0.34627065432081067,0.07234902510889146,362.84,203.69,88188.91714285714
2022,18,Moquegua,6,Sierra Sur,6,90,5606.411560058594,11727.516700744629,0.18410512175250845,0.08644038966659258,309.61,195.85,19783.60977777778
2022,18,Moquegua,6,Sierra Sur,7,71,4493.69718170166,10663.977039337158,0.34704415344199635,0.1723725591884313,309.61,195.85,17262.01309859155
2022,18,Moquegua,6,Sierra Sur,8,59,3602.829532623291,8852.268859863281,0.4379979131912693,0.21091456861069524,309.61,195.85,16041.588813559321
2022,19,Pasco,5,Sierra Centro,3,224,19561.779369831085,69709.62744951248,0.38225997322178407,0.04718670316779654,364.61,203.69,39624.08477678571
2022,19,Pasco,5,Sierra Centro,5,154,36903.190464019775,120750.09015274048,0.4585731380783627,0.09086296266782783,364.61,203.69,29650.93961038961
2022,19,Pasco,5,Sierra Centro,6,55,4187.885757446289,11476.297485351562,0.34859772730881966,0.18248617578377752,310.87,195.85,21076.50181818182
2022,19,Pasco,5,Sierra Centro,7,131,9880.528495788574,32674.634979248047,0.48919664848449057,0.19423638249286723,310.87,195.85,19297.629770992367
2022,19,Pasco,5,Sierra Centro,8,46,3542.586669921875,9004.884490966797,0.3377690408534282,0.08685699498042944,310.87,195.85,16230.40695652174
2022,19,Pasco,7,Selva,5,112,10989.346893310547,35023.53978729248,0.25343536349823326,0.028062676614191512,394.41,223.77,30370.889642857142
2022,19,Pasco,7,Selva,6,16,1341.2095336914062,3516.5033111572266,0.0,0.0,303.57,184.44,24483.5
2022,19,Pasco,7,Selva,7,67,5303.011962890625,19885.002319335938,0.31959227435345267,0.10972654594175069,303.57,184.44,25861.431492537315
2022,19,Pasco,7,Selva,8,74,5956.447563171387,19517.809799194336,0.44138349420720085,0.18599189673789765,303.57,184.44,17235.203783783785
2022,20,Piura,1,Costa Norte,2,526,135336.14422988892,522741.53215789795,0.20734974860672778,0.013000100539768371,423.81,214.74,53989.17760456274
2022,20,Piura,1,Costa Norte,3,257,88812.57859039307,344232.8703765869,0.22174092457376066,0.0,423.81,214.74,40282.28953307393
2022,20,Piura,1,Costa Norte,4,201,84569.88903808594,301158.84298706055,0.303748522580541,0.01590973106965263,423.81,214.74,32313.969253731342
2022,20,Piura,1,Costa Norte,5,224,102060.46667480469,394813.19345092773,0.34685146684527174,0.028164851619550655,423.81,214.74,38056.13258928571
2022,20,Piura,1,Costa Norte,6,16,3501.6614990234375,10583.672378540039,0.2188662592821605,0.0,341.55,190.64,33769.0825
2022,20,Piura,1,Costa Norte,7,182,48190.57083129883,178487.46186828613,0.42367376805679263,0.08087111663524878,341.55,190.64,25292.762362637364
2022,20,Piura,1,Costa Norte,8,54,13584.183837890625,50121.77803039551,0.43647167608833276,0.036458434717887546,341.55,190.64,23667.859259259258
2022,20,Piura,4,Sierra Norte,5,12,9224.34750366211,20693.612060546875,0.31448094044627933,0.0,370.75,203.69,29961.3775
2022,20,Piura,4,Sierra Norte,7,110,29390.97361755371,97146.63357543945,0.5225430678727147,0.1425028909668991,315.26,195.85,17900.330545454544
2022,20,Piura,4,Sierra Norte,8,48,12951.456665039062,40905.71017456055,0.6450399951302237,0.32101301043791003,315.26,195.85,15082.061458333334
2022,21,Puno,6,Sierra Sur,2,272,122984.28598046303,402986.40194916725,0.29378776331324297,0.029620603314181544,371.2,203.69,35027.2324632353
2022,21,Puno,6,Sierra Sur,4,11,12162.027587890625,37576.09191894531,0.6155746569513758,0.08976940978924129,371.2,203.69,21364.45090909091
2022,21,Puno,6,Sierra Sur,5,189,179565.3352508545,526671.4452056885,0.4577656122199441,0.11423672532393825,371.2,203.69,20746.117936507937
2022,21,Puno,6,Sierra Sur,6,57,18555.20916748047,56404.48889160156,0.43859907574200513,0.17099160891175072,315.58,195.85,17602.871052631577
2022,21,Puno,6,Sierra Sur,7,469,152399.33087158203,403098.84269714355,0.45666322075016863,0.16318420087286614,315.58,195.85,13921.529808102345
2022,21,Puno,6,Sierra Sur,8,119,39374.610931396484,106080.59497070312,0.3613063563326083,0.1457263343602134,315.58,195.85,15190.359159663865
2022,21,Puno,7,Selva,6,8,3041.750244140625,7604.3756103515625,0.0,0.0,308.46,184.44,17526.75375
2022,21,Puno,7,Selva,7,16,5568.38720703125,15693.283599853516,0.5199302796104626,0.12114060709421168,308.46,184.44,13625.67375
2022,22,San Martin,7,Selva,2,298,34392.35330200195,117951.92182540894,0.08629576034602227,0.0,375.8,223.77,59088.861375838926
2022,22,San Martin,7,Selva,3,122,22607.98738861084,80591.28325653076,0.19839835422847846,0.02105645280932861,375.8,223.77,47482.76237704918
2022,22,San Martin,7,Selva,4,121,30079.731258392334,102285.00832366943,0.221054928277312,0.0211838217500716,375.8,223.77,34510.118925619834
2022,22,San Martin,7,Selva,5,317,102437.62394714355,344818.5980682373,0.3406240929122855,0.07209058566411178,375.8,223.77,35742.47406940063
2022,22,San Martin,7,Selva,6,57,8141.200637817383,27152.323608398438,0.14625532862685775,0.02352915782041721,290.58,184.44,28925.80192982456
2022,22,San Martin,7,Selva,7,333,46830.64472198486,185964.99125671387,0.2587199804891767,0.05652819048915326,290.58,184.44,24615.675375375376
2022,22,San Martin,7,Selva,8,117,16623.1932220459,59230.84114074707,0.23390047452034746,0.058539572670143036,290.58,184.44,27437.496923076924
2022,23,Tacna,3,Costa Sur,2,941,97608.1442899704,312013.7126302719,0.22229057305518493,0.015755039247078013,414.26,214.74,41123.264888416576
2022,23,Tacna,3,Costa Sur,5,88,2900.367286682129,7228.213203430176,0.2831926780500258,0.023500282891990295,414.26,214.74,31337.836136363636
2022,23,Tacna,3,Costa Sur,6,40,1261.877426147461,3461.347515106201,0.14094660830331604,0.02182023390743921,334.65,190.64,30767.17025
2022,23,Tacna,3,Costa Sur,7,128,6628.665576934814,20322.175579071045,0.18131901580433235,0.04862203281232816,334.65,190.64,37766.611640625
2022,23,Tacna,3,Costa Sur,8,15,495.8563575744629,1138.9125671386719,0.23705916834635646,0.09050464501674402,334.65,190.64,19243.258
2022,23,Tacna,6,Sierra Sur,5,25,3511.14981842041,8436.999954223633,0.4358274965691733,0.06707124926198924,363.11,203.69,27647.8656
2022,23,Tacna,6,Sierra Sur,6,49,5183.6899490356445,12641.694679260254,0.3720974703978212,0.16746885986539528,309.8,195.85,23202.385714285712
2022,23,Tacna,6,Sierra Sur,7,15,1549.9585418701172,4047.0217361450195,0.3393037602761119,0.09694393150746056,309.8,195.85,24532.823333333334
2022,23,Tacna,6,Sierra Sur,8,20,1554.3465118408203,3384.1051635742188,0.5434498687433221,0.2572310276967453,309.8,195.85,26773.952
2022,24,Tumbes,1,Costa Norte,3,380,29916.741536140442,106983.51366710663,0.2131599843348376,0.0,422.75,214.74,45491.136315789474
2022,24,Tumbes,1,Costa Norte,4,102,11393.278574943542,43662.12173175812,0.46123138801671765,0.003642720815421309,422.75,214.74,32796.78990196079
2022,24,Tumbes,1,Costa Norte,5,226,29239.23809814453,98547.55968475342,0.19182603514975669,0.0,422.75,214.74,37779.19176991151
2022,24,Tumbes,1,Costa Norte,7,81,1043.6900968551636,3781.4142665863037,0.22256861598651242,0.010165944238273364,340.78,190.64,29531.146419753088
2022,24,Tumbes,1,Costa Norte,8,72,694.9855575561523,2401.8712339401245,0.28153864117640254,0.054009272945430405,340.78,190.64,30350.739583333332
2022,25,Ucayali,7,Selva,2,631,76334.04904174805,313148.90222358704,0.16574003269757473,0.010799264072034099,392.76,223.77,43963.58554675119
2022,25,Ucayali,7,Selva,4,60,11076.811889648438,42643.46678161621,0.19645083878890318,0.0,392.76,223.77,33294.543
2022,25,Ucayali,7,Selva,5,152,24493.61922454834,94104.29409790039,0.30582623837342693,0.03916092055351098,392.76,223.77,31628.755657894737
2022,25,Ucayali,7,Selva,6,16,1011.7441101074219,4297.081691741943,0.2038553963983105,0.0,302.42,184.44,24212.35875
2022,25,Ucayali,7,Selva,7,197,14432.063053131104,55225.69826507568,0.35808761703705705,0.11949983637611253,302.42,184.44,21779.532791878173
2022,25,Ucayali,7,Selva,8,99,7540.246238708496,30746.71932220459,0.37964681039868003,0.06844362239678824,302.42,184.44,21053.65686868687
2023,01,Amazonas,4,Sierra Norte,4,136,15467.08731842041,50519.15498352051,0.17816476756559146,0.020699363554474833,375.51,227.62,50627.78786764706
2023,01,Amazonas,4,Sierra Norte,5,34,6795.493118286133,19976.302474975586,0.11700484720222763,0.0,375.51,227.62,30284.807647058824
2023,01,Amazonas,4,Sierra Norte,6,77,5201.450859069824,16535.21617126465,0.09501800318396887,0.059391847507876024,322.85,217.15,30811.85025974026
2023,01,Amazonas,4,Sierra Norte,7,86,5809.559501647949,19633.653869628906,0.2729594017504193,0.10693431977281241,322.85,217.15,22121.00488372093
2023,01,Amazonas,4,Sierra Norte,8,84,5702.647308349609,19355.21742248535,0.3374325991362421,0.22351865782338942,322.85,217.15,22689.70630952381
2023,01,Amazonas,7,Selva,4,154,31305.40911102295,100893.28182983398,0.20662525859520553,0.0759652362329941,401.32,244.49,41933.79779220779
2023,01,Amazonas,7,Selva,5,92,21918.023895263672,73672.20048522949,0.30157242658871464,0.07585679656404769,401.32,244.49,34273.01347826087
2023,01,Amazonas,7,Selva,6,50,3239.704460144043,9447.596817016602,0.3617411068154276,0.19080653853770582,312.25,202.76,25966.1764
2023,01,Amazonas,7,Selva,7,381,25203.943691253662,93745.29009246826,0.35923949148192974,0.14035281815492362,312.25,202.76,24910.99839895013
2023,01,Amazonas,7,Selva,8,159,10271.669792175293,34051.3484954834,0.23089821214516332,0.0907303019831148,312.25,202.76,22969.800188679244
2023,02,Ancash,2,Costa Centro,2,387,118284.84507036209,404655.1357102394,0.16011803176791595,0.010187641705398277,446.83,239.8,46374.22408268734
2023,02,Ancash,2,Costa Centro,4,86,28941.58139038086,99480.77891540527,0.21694210587135648,0.022216909750374797,446.83,239.8,44291.30581395349
2023,02,Ancash,2,Costa Centro,5,43,16251.562994003296,53022.62578010559,0.31362040586136875,0.02991733435378986,446.83,239.8,36591.147209302326
2023,02,Ancash,2,Costa Centro,6,16,1934.0850830078125,6724.244552612305,0.07637389727234127,0.0,361.72,212.28,35232.37875
2023,02,Ancash,2,Costa Centro,7,55,6280.795318603516,24915.225288391113,0.5682857127108112,0.1869540077116402,361.72,212.28,21269.38909090909
2023,02,Ancash,2,Costa Centro,8,16,2054.22705078125,6933.016296386719,0.4444444444444444,0.05555555555555555,361.72,212.28,22019.363125
2023,02,Ancash,5,Sierra Centro,2,122,26502.574634552002,90685.97724914551,0.15819806204765874,0.005116732302126646,393.05,227.62,59817.73467213115
2023,02,Ancash,5,Sierra Centro,3,25,5541.700927734375,18342.559112548828,0.2696925961160067,0.0,393.05,227.62,62578.3964
2023,02,Ancash,5,Sierra Centro,5,99,39677.606521606445,128126.50514221191,0.2453197475722632,0.04355084652497951,393.05,227.62,34128.718181818185
2023,02,Ancash,5,Sierra Centro,6,132,27385.054275512695,80805.81428527832,0.32710450587198237,0.16484165643201484,335.39,217.15,26526.48022727273
2023,02,Ancash,5,Sierra Centro,7,280,57796.17121887207,191571.43313598633,0.374699659643424,0.1499046097211361,335.39,217.15,22559.50225
2023,02,Ancash,5,Sierra Centro,8,157,32590.12954711914,100335.90663146973,0.3114898427985989,0.0663863623270597,335.39,217.15,20093.07566878981
2023,03,Apurimac,6,Sierra Sur,3,208,34098.534675598145,115631.59101486206,0.18587256417971962,0.010495455223452748,379.96,227.62,53474.07197115385
2023,03,Apurimac,6,Sierra Sur,4,5,1549.7059631347656,4959.05908203125,0.3125,0.0,379.96,227.62,41280.356
2023,03,Apurimac,6,Sierra Sur,5,106,31880.22201538086,104271.99185180664,0.29759537903552186,0.03241510982575894,379.96,227.62,35127.46216981132
2023,03,Apurimac,6,Sierra Sur,6,149,22278.923294067383,63089.62991333008,0.24672038230978288,0.021998180569919847,326.03,217.15,23188.702483221477
2023,03,Apurimac,6,Sierra Sur,7,353,53020.028579711914,153331.76364898682,0.3013022425324257,0.0759651733664493,326.03,217.15,19224.744249291783
2023,03,Apurimac,6,Sierra Sur,8,94,14223.543212890625,38941.182693481445,0.2077832280977573,0.04385232246541483,326.03,217.15,20271.972021276597
2023,04,Arequipa,3,Costa Sur,4,179,33134.86487579346,103742.00467681885,0.2684733766240637,0.033059247993098215,449.35,239.8,39171.32569832402
2023,04,Arequipa,3,Costa Sur,5,104,19354.889320373535,55913.064571380615,0.1144170775102919,0.01378190968532198,449.35,239.8,47789.81
2023,04,Arequipa,3,Costa Sur,6,37,2612.2090225219727,9522.707473754883,0.07172248548194106,0.021790107164070593,363.54,212.28,49907.89297297297
2023,04,Arequipa,3,Costa Sur,7,76,5343.7015380859375,16503.948608398438,0.1194066938119619,0.04150341187733786,363.54,212.28,36985.4525
2023,04,Arequipa,3,Costa Sur,8,27,1737.8466567993164,5119.354187011719,0.24301929935463037,0.0,363.54,212.28,44812.19148148148
2023,04,Arequipa,6,Sierra Sur,1,767,287823.0630836487,948697.0614776611,0.09615768730090815,0.008955866665375772,395.06,227.62,55911.26677966102
2023,04,Arequipa,6,Sierra Sur,4,97,31721.659423828125,100336.7802734375,0.20894215518468306,0.011710305652945393,395.06,227.62,33256.677835051545
2023,04,Arequipa,6,Sierra Sur,5,67,28080.296020507812,95224.53887939453,0.18992335713098496,0.0,395.06,227.62,42238.39343283582
2023,04,Arequipa,6,Sierra Sur,6,66,10689.031143188477,31296.672927856445,0.35633932451014616,0.12313188890278096,336.83,217.15,26471.587575757578
2023,04,Arequipa,6,Sierra Sur,7,51,8197.94172668457,22627.529418945312,0.256407380911495,0.10282160837929888,336.83,217.15,24320.721764705882
2023,04,Arequipa,6,Sierra Sur,8,46,7626.806060791016,18065.789016723633,0.5393050637070371,0.2942548309984533,336.83,217.15,17680.40304347826
2023,05,Ayacucho,5,Sierra Centro,2,277,67029.42789077759,216195.26909446716,0.286868272306099,0.03377749832335417,396.78,227.62,41307.33068592058
2023,05,Ayacucho,5,Sierra Centro,4,51,13977.161842346191,48040.77676773071,0.2942777963747659,0.09144416349176038,396.78,227.62,36922.96039215686
2023,05,Ayacucho,5,Sierra Centro,5,132,55831.43424987793,166354.1516571045,0.39899955939871695,0.07243322843339248,396.78,227.62,30616.705833333333
2023,05,Ayacucho,5,Sierra Centro,6,153,25666.49887084961,66322.49453735352,0.33775282711225035,0.13480409821357678,338.05,217.15,18037.927581699347
2023,05,Ayacucho,5,Sierra Centro,7,311,52136.03355407715,155487.52519226074,0.535942078903607,0.2424151793145608,338.05,217.15,14196.563151125401
2023,05,Ayacucho,5,Sierra Centro,8,125,21115.97230529785,55145.125747680664,0.519392050853555,0.17896518474441198,338.05,217.15,12779.6172
2023,05,Ayacucho,7,Selva,5,45,13038.279754638672,38117.52569580078,0.4288150286718688,0.033919101721435876,423.88,244.49,21747.997555555557
2023,05,Ayacucho,7,Selva,7,52,6051.4210205078125,18407.8291015625,0.41274549877127475,0.17834618751802755,328.0,202.76,13385.993846153846
2023,05,Ayacucho,7,Selva,8,6,541.4211273193359,1624.2633819580078,0.5,0.0,328.0,202.76,15360.4
2023,06,Cajamarca,1,Costa Norte,5,6,890.8601989746094,2227.1504974365234,0.2,0.0,429.11,239.8,20176.868333333332
2023,06,Cajamarca,1,Costa Norte,6,15,1394.981430053711,2745.295135498047,0.40372851475265115,0.15084681732710964,348.93,212.28,19370.43
2023,06,Cajamarca,1,Costa Norte,7,29,2589.5843811035156,8366.903175354004,0.7037540738458782,0.3941039998703052,348.93,212.28,11873.526551724139
2023,06,Cajamarca,1,Costa Norte,8,16,1330.7757568359375,3909.1537857055664,0.851063829787234,0.3404255319148936,348.93,212.28,15073.923125
2023,06,Cajamarca,4,Sierra Norte,2,187,56651.681728839874,191033.8299484253,0.2505749999084864,0.04775135008013181,378.89,227.62,50732.90518716577
2023,06,Cajamarca,4,Sierra Norte,4,34,17137.171493530273,46936.86778259277,0.1778097114621179,0.04710259582335946,378.89,227.62,42671.61882352941
2023,06,Cajamarca,4,Sierra Norte,5,135,76590.15614318848,233919.86318969727,0.33352563915375844,0.05120151346736142,378.89,227.62,32789.19503703704
2023,06,Cajamarca,4,Sierra Norte,6,58,20106.69549560547,51223.2705078125,0.4425464409276797,0.2003152358673957,325.27,217.15,17121.841551724137
2023,06,Cajamarca,4,Sierra Norte,7,525,183876.85736083984,556317.4296264648,0.5432191949240346,0.2785408174921745,325.27,217.15,16025.594628571429
2023,06,Cajamarca,4,Sierra Norte,8,100,34543.00729370117,104977.07046508789,0.6900196448074266,0.43491436537475475,325.27,217.15,12731.6358
2023,06,Cajamarca,7,Selva,3,75,27374.462600708008,85082.90673828125,0.18026205201862133,0.010074990447764836,404.9,244.49,31441.294533333334
2023,06,Cajamarca,7,Selva,5,37,30914.646087646484,81558.11013793945,0.5167045245134914,0.1530577754212393,404.9,244.49,22063.46
2023,06,Cajamarca,7,Selva,6,15,4035.739776611328,8341.093780517578,0.3223471543406435,0.0,314.75,202.76,14219.202666666666
2023,06,Cajamarca,7,Selva,7,172,41958.6930847168,138107.42599487305,0.5245564686684349,0.15255144828190506,314.75,202.76,21647.014244186048
2023,06,Cajamarca,7,Selva,8,47,11824.709503173828,33968.417083740234,0.4092412360142627,0.1819129749747046,314.75,202.76,16740.240638297873
2023,07,Callao,8,Lima Metropolitana,1,1034,320738.83545684814,1127400.1686096191,0.34150718226552934,0.03093206360232363,546.05,293.98,48978.20314313346
2023,08,Cusco,6,Sierra Sur,2,295,103881.48669815063,350404.13442230225,0.11238125826799654,0.010641711360942751,394.19,227.62,49095.32874576271
2023,08,Cusco,6,Sierra Sur,4,72,39622.88661956787,117475.08811950684,0.1957375420759007,0.012253205630018091,394.19,227.62,31066.43388888889
2023,08,Cusco,6,Sierra Sur,5,155,100687.57348632812,340094.6113586426,0.24996278517100104,0.0,394.19,227.62,31355.938387096772
2023,08,Cusco,6,Sierra Sur,6,81,22029.399139404297,67045.91069030762,0.17240907425613425,0.05066463779866175,336.21,217.15,21755.471851851853
2023,08,Cusco,6,Sierra Sur,7,341,93673.29042053223,295000.3823699951,0.318598915086121,0.1046371202319338,336.21,217.15,19432.262639296187
2023,08,Cusco,6,Sierra Sur,8,114,31515.933044433594,91310.20587158203,0.3062571830407917,0.14018108415576483,336.21,217.15,17248.014122807017
2023,08,Cusco,7,Selva,4,5,1753.9833068847656,4560.356597900391,0.0,0.0,421.14,244.49,30182.794
2023,08,Cusco,7,Selva,5,47,22520.040433883667,60328.001569747925,0.1509845908019063,0.001935627504647041,421.14,244.49,30202.450638297873
2023,08,Cusco,7,Selva,6,8,1750.5343017578125,5689.236480712891,0.15384615384615385,0.0,326.09,202.76,28378.64
2023,08,Cusco,7,Selva,7,61,13932.436477661133,45778.34780883789,0.29554603817771746,0.11636175733705804,326.09,202.76,26509.502295081966
2023,08,Cusco,7,Selva,8,45,10101.75666809082,31251.394500732422,0.06341771740957321,0.0,326.09,202.76,34093.028666666665
2023,09,Huancavelica,5,Sierra Centro,4,123,20994.074873209,71239.80315518379,0.19025329061686214,0.03505067309518692,388.46,227.62,44955.50991869919
2023,09,Huancavelica,5,Sierra Centro,5,114,24940.18617129326,81126.97426080704,0.4697636542771262,0.1070852718040103,388.46,227.62,30281.30754385965
2023,09,Huancavelica,5,Sierra Centro,6,180,28071.00633239746,87891.8515625,0.2211304152174832,0.06748495838352522,332.11,217.15,25636.529444444444
2023,09,Huancavelica,5,Sierra Centro,7,452,70824.22230529785,224847.57962036133,0.4570115741420057,0.19134339588698118,332.11,217.15,16799.918915929204
2023,09,Huancavelica,5,Sierra Centro,8,169,26313.625869750977,76244.45333862305,0.5256087614342729,0.19647678572667304,332.11,217.15,15417.967692307691
2023,10,Huanuco,5,Sierra Centro,2,17,10219.460510253906,26880.239776611328,0.3039269459202016,0.17722672908600123,395.37,227.62,69536.49117647059
2023,10,Huanuco,5,Sierra Centro,5,116,84924.56359863281,263120.74963378906,0.343330869320414,0.014022929392619192,395.37,227.62,30014.968103448275
2023,10,Huanuco,5,Sierra Centro,6,100,24830.89175415039,73238.20973205566,0.3243805453731733,0.07342109019244562,337.05,217.15,23747.1712
2023,10,Huanuco,5,Sierra Centro,7,325,79293.01127624512,256983.00541687012,0.4850009370314676,0.20586304140816236,337.05,217.15,19027.79129230769
2023,10,Huanuco,5,Sierra Centro,8,146,36004.26351928711,118236.38703918457,0.5409426783181566,0.26998421840554804,337.05,217.15,16407.166232876712
2023,10,Huanuco,7,Selva,2,241,16213.513631343842,53453.51645708084,0.20624411777850024,0.04943664016199492,422.39,244.49,53893.571784232365
2023,10,Huanuco,7,Selva,3,71,5245.7916531562805,18526.118992090225,0.2638625792995941,0.06052308741999592,422.39,244.49,48465.064225352115
2023,10,Huanuco,7,Selva,5,67,6996.607013702393,21961.23515701294,0.41193642946591397,0.09686049574918727,422.39,244.49,35588.81014925373
2023,10,Huanuco,7,Selva,6,29,4401.273109436035,15539.60122680664,0.3309566691449841,0.0444441752430839,326.96,202.76,28214.106896551722
2023,10,Huanuco,7,Selva,7,108,18603.539840698242,58083.750396728516,0.2671028922342477,0.05123929743544537,326.96,202.76,25948.785740740743
2023,10,Huanuco,7,Selva,8,30,5117.527191162109,14824.353088378906,0.29539574618726383,0.012615029991431936,326.96,202.76,25465.77666666667
2023,11,Ica,2,Costa Centro,2,853,146579.1851180792,494383.0934689045,0.0700845694725601,0.0,479.12,239.8,53715.19807737397
2023,11,Ica,2,Costa Centro,3,11,2494.7765045166016,8000.283828735352,0.0,0.0,479.12,239.8,56252.516363636365
2023,11,Ica,2,Costa Centro,4,234,54983.97127985954,177463.48100733757,0.08428652392503043,0.0,479.12,239.8,45651.901495726495
2023,11,Ica,2,Costa Centro,5,192,40538.11124110222,128246.32360816002,0.05313836383730761,0.0,479.12,239.8,51688.674479166664
2023,11,Ica,2,Costa Centro,6,22,1547.8021240234375,3935.0502014160156,0.0,0.0,385.02,212.28,35650.90909090909
2023,11,Ica,2,Costa Centro,7,131,9120.01679611206,26378.180812835693,0.0291154953794611,0.0,385.02,212.28,39066.57160305344
2023,11,Ica,2,Costa Centro,8,53,3370.651901245117,9276.769149780273,0.04970214577911777,0.02547385981766308,385.02,212.28,36760.229622641506
2023,11,Ica,5,Sierra Centro,6,8,373.8324890136719,1401.8718338012695,0.26666666666666666,0.0,353.83,217.15,24589.2725
2023,11,Ica,5,Sierra Centro,8,8,362.51434326171875,1132.857322692871,0.64,0.0,353.83,217.15,13833.79375
2023,12,Junin,5,Sierra Centro,2,386,90809.65453910828,279639.7758483887,0.13685539387917173,0.017100706638449162,386.57,227.62,49280.237694300515
2023,12,Junin,5,Sierra Centro,4,63,30583.52163696289,96221.06922912598,0.23295131000698058,0.0,386.57,227.62,32771.96142857143
2023,12,Junin,5,Sierra Centro,5,282,136271.91738891602,425984.646856308,0.21368620836459395,0.007927042717036452,386.57,227.62,36292.769858156025
2023,12,Junin,5,Sierra Centro,6,118,27794.371002197266,69337.23310852051,0.20354217857331855,0.07557790443567612,330.76,217.15,23857.374661016947
2023,12,Junin,5,Sierra Centro,7,176,41206.351623535156,124235.06587219238,0.3481586329330598,0.13109174560381487,330.76,217.15,23852.378522727275
2023,12,Junin,5,Sierra Centro,8,71,16622.3045501709,50728.080307006836,0.41148464277969365,0.17571866098859854,330.76,217.15,19760.611971830986
2023,12,Junin,7,Selva,4,102,40933.02310180664,117242.6859588623,0.2808344129487271,0.043337670843229745,413.05,244.49,36890.019215686276
2023,12,Junin,7,Selva,5,41,23283.478393554688,70937.92907714844,0.3012964085612677,0.0,413.05,244.49,30846.341463414636
2023,12,Junin,7,Selva,6,8,1890.221923828125,5906.943511962891,0.16,0.0,320.44,202.76,20720.32375
2023,12,Junin,7,Selva,7,177,37744.273193359375,136573.37785339355,0.29494484058540676,0.06049442667375149,320.44,202.76,23964.359265536725
2023,12,Junin,7,Selva,8,83,18130.413482666016,58021.63594055176,0.39494720677928263,0.11923291534283058,320.44,202.76,18017.106987951807
2023,13,La Libertad,1,Costa Norte,1,622,235608.36550331116,844929.8446464539,0.24798331486983902,0.023491593532746446,447.43,239.8,57276.87832797428
2023,13,La Libertad,1,Costa Norte,3,57,28114.908325195312,101056.95852661133,0.06528170115349743,0.0,447.43,239.8,52519.86842105263
2023,13,La Libertad,1,Costa Norte,4,254,135259.27835083008,476836.98150634766,0.33977126984164174,0.03923586362724162,447.43,239.8,36903.052874015746
2023,13,La Libertad,1,Costa Norte,5,114,48941.850189208984,162645.72227478027,0.3575869704744484,0.03640626916758421,447.43,239.8,33816.61350877193
2023,13,La Libertad,1,Costa Norte,6,8,1857.6739501953125,4644.184875488281,0.0,0.0,362.16,212.28,36130.745
2023,13,La Libertad,1,Costa Norte,7,61,14432.665939331055,46019.984146118164,0.2820759080116336,0.048888926332580504,362.16,212.28,27050.785573770492
2023,13,La Libertad,1,Costa Norte,8,16,3944.331787109375,12284.462188720703,0.09892829621979563,0.0,362.16,212.28,30052.448125
2023,13,La Libertad,4,Sierra Norte,4,40,20466.82147216797,70218.62313079834,0.38408797635116776,0.06334385836334522,393.53,227.62,32576.452
2023,13,La Libertad,4,Sierra Norte,5,51,15029.38442993164,50510.752685546875,0.3317268030457798,0.04438085615501414,393.53,227.62,35320.06647058824
2023,13,La Libertad,4,Sierra Norte,6,36,11818.650970458984,29867.50668334961,0.34250159885047904,0.12406800162336824,335.73,217.15,19452.936944444446
2023,13,La Libertad,4,Sierra Norte,7,203,64578.45915222168,223580.25717163086,0.5575652208606027,0.2965442672855695,335.73,217.15,18282.59339901478
2023,13,La Libertad,4,Sierra Norte,8,44,14201.346252441406,49670.436614990234,0.5206331344378671,0.4221074865033234,335.73,217.15,19488.958863636362
2023,14,Lambayeque,1,Costa Norte,1,506,122660.15972042084,410405.8280467987,0.13152246689117084,0.0057589367869152535,449.59,239.8,49803.31581027668
2023,14,Lambayeque,1,Costa Norte,2,60,14950.163177490234,52369.72830200195,0.027167976370067133,0.027167976370067133,449.59,239.8,47693.91966666667
2023,14,Lambayeque,1,Costa Norte,3,66,20236.444664001465,69726.06925964355,0.12502910748553472,0.0,449.59,239.8,43516.69621212121
2023,14,Lambayeque,1,Costa Norte,4,166,54625.80450153351,198224.08418273926,0.1421559824167567,0.0073156883829815,449.59,239.8,43012.637891566264
2023,14,Lambayeque,1,Costa Norte,5,295,104651.4430847168,399297.9425048828,0.24173203997912296,0.0,449.59,239.8,37688.030711864405
2023,14,Lambayeque,1,Costa Norte,7,242,44413.6919631958,167682.7977294922,0.227663717825177,0.021699462442922424,363.71,212.28,33895.51012396694
2023,14,Lambayeque,1,Costa Norte,8,14,2656.4342041015625,11005.227416992188,0.1724137931034483,0.0,363.71,212.28,39846.89071428571
2023,14,Lambayeque,4,Sierra Norte,6,8,1229.6712646484375,6455.774139404297,0.2857142857142857,0.14285714285714285,336.96,217.15,25333.2775
2023,14,Lambayeque,4,Sierra Norte,7,23,3258.021926879883,14344.361022949219,0.46505639731586357,0.08622134071247842,336.96,217.15,21173.27739130435
2023,14,Lambayeque,4,Sierra Norte,8,8,1236.7900390625,3401.172607421875,0.22727272727272727,0.0,336.96,217.15,11644.4075
2023,15,Lima,2,Costa Centro,2,369,90061.96712493896,301753.53980255127,0.2329745314765331,0.023041075134414155,438.49,239.8,46387.575853658534
2023,15,Lima,2,Costa Centro,3,284,67065.9722290039,216885.3020401001,0.2132514360909703,0.022300285360426678,438.49,239.8,37241.21683098591
2023,15,Lima,2,Costa Centro,4,135,34318.85404968262,116088.35516357422,0.31904256188120483,0.035830277381807024,438.49,239.8,36541.92674074074
2023,15,Lima,2,Costa Centro,5,152,39176.88751220703,132167.34268188477,0.25022840552860837,0.05214451468170873,438.49,239.8,40071.247697368424
2023,15,Lima,2,Costa Centro,6,39,3848.634780883789,13043.3521194458,0.2558881623168729,0.023206591309613472,355.7,212.28,33723.431025641024
2023,15,Lima,2,Costa Centro,7,133,13594.91032409668,48683.173667907715,0.22512409960953933,0.02249619305376504,355.7,212.28,40402.17819548872
2023,15,Lima,2,Costa Centro,8,43,5587.704879760742,18069.44930267334,0.19361371597418084,0.0,355.7,212.28,43801.322790697675
2023,15,Lima,5,Sierra Centro,5,46,20569.8983001709,59796.98323059082,0.23318372058009648,0.0,386.38,227.62,29477.655217391304
2023,15,Lima,5,Sierra Centro,6,144,17265.187843322754,42265.14421081543,0.4973154193664614,0.1891287030875641,330.62,217.15,18025.044444444444
2023,15,Lima,5,Sierra Centro,7,47,5626.6035079956055,15917.928916931152,0.37042216208498285,0.26424286263994723,330.62,217.15,22451.082978723403
2023,15,Lima,5,Sierra Centro,8,65,7723.9081954956055,22815.083465576172,0.5613018193419355,0.3078245299315318,330.62,217.15,21996.427846153845
2023,15,Lima,8,Lima Metropolitana,1,3078,2968914.386444092,10128591.844696045,0.2808858368851088,0.03211987625299202,546.05,293.98,61993.46523391813
2023,16,Loreto,7,Selva,2,576,99183.12794518471,421511.82862496376,0.2554703265052487,0.05789940087835816,413.94,244.49,56500.93223958333
2023,16,Loreto,7,Selva,3,93,22347.29172515869,88598.51989006996,0.4206971079869625,0.10647703947052682,413.94,244.49,42549.25150537634
2023,16,Loreto,7,Selva,4,79,21575.243270874023,90123.13636779785,0.5778501118312052,0.26770806292602123,413.94,244.49,37074.26405063291
2023,16,Loreto,7,Selva,5,139,42069.67086791992,198874.26071166992,0.5613595818421784,0.1678535969929405,413.94,244.49,35666.51035971223
2023,16,Loreto,7,Selva,6,41,5996.328796386719,27135.762939453125,0.589072407320378,0.1543584624062574,321.06,202.76,22545.519512195122
2023,16,Loreto,7,Selva,7,268,38487.84606933594,173714.1869354248,0.5314349888497468,0.21967207797502483,321.06,202.76,23587.071380597015
2023,16,Loreto,7,Selva,8,189,27557.265625,122603.93296813965,0.5778792533494373,0.23578650741103307,321.06,202.76,19371.435343915346
2023,17,Madre de Dios,7,Selva,3,284,23254.305194854736,74437.6701798439,0.13884053051585202,0.010744440800256286,408.52,244.49,51645.781549295774
2023,17,Madre de Dios,7,Selva,5,138,18083.133984565735,66037.88645553589,0.20837701695020944,0.05002517923165805,408.52,244.49,42442.85355072464
2023,17,Madre de Dios,7,Selva,6,27,935.1262016296387,2875.2422637939453,0.13970024164223552,0.04583002031020473,317.28,202.76,41312.07
2023,17,Madre de Dios,7,Selva,7,87,3130.047487258911,10633.968967437744,0.15416660783983824,0.0,317.28,202.76,38325.67298850575
2023,17,Madre de Dios,7,Selva,8,70,2511.9184951782227,9104.744621276855,0.0998318342105055,0.011116441437089532,317.28,202.76,42190.94328571429
2023,18,Moquegua,3,Costa Sur,3,660,49723.349769592285,146161.04639816284,0.102611464649115,0.00101461399258663,447.18,239.8,57988.75762121212
2023,18,Moquegua,3,Costa Sur,5,17,1215.3022537231445,2943.873176574707,0.09758459523638076,0.0,447.18,239.8,36774.483529411766
2023,18,Moquegua,3,Costa Sur,7,24,1227.09130859375,3004.2312507629395,0.030494981204138835,0.0,361.97,212.28,44709.19708333333
2023,18,Moquegua,3,Costa Sur,8,8,253.50750732421875,665.4572067260742,0.47619047619047616,0.0,361.97,212.28,51364.1675
2023,18,Moquegua,6,Sierra Sur,5,25,4636.800575256348,11562.401977539062,0.058489749707231996,0.0,393.33,227.62,41496.5104
2023,18,Moquegua,6,Sierra Sur,6,98,5703.602752685547,12594.416652679443,0.31766889790834807,0.10441351478855151,335.59,217.15,22591.758979591836
2023,18,Moquegua,6,Sierra Sur,7,77,4555.860778808594,10575.806011199951,0.28775445674709726,0.11371361782929809,335.59,217.15,19585.043116883116
2023,18,Moquegua,6,Sierra Sur,8,54,3148.2016983032227,8158.542182922363,0.28154502320896385,0.15590107433598,335.59,217.15,22647.219074074073
2023,19,Pasco,5,Sierra Centro,3,221,20729.27443599701,71916.96716880798,0.40100479655069254,0.0916507821141592,392.24,227.62,39907.07819004525
2023,19,Pasco,5,Sierra Centro,5,160,38200.10157966614,122886.32780265808,0.42365053527052576,0.0742660807991825,392.24,227.62,31474.8785625
2023,19,Pasco,5,Sierra Centro,6,47,3627.330810546875,10189.455429077148,0.38958472627453866,0.2037397693766994,334.81,217.15,23027.85659574468
2023,19,Pasco,5,Sierra Centro,7,121,9312.705558776855,29603.33448791504,0.543914199764066,0.2513014635356568,334.81,217.15,20061.697685950414
2023,19,Pasco,5,Sierra Centro,8,53,4097.47297668457,12142.041458129883,0.44330635697467774,0.2023951318451199,334.81,217.15,18317.9720754717
2023,19,Pasco,7,Selva,5,119,10225.889755249023,34991.31352996826,0.35176860225075823,0.029136709962798695,419.07,244.49,32882.150588235294
2023,19,Pasco,7,Selva,6,17,1378.708854675293,3707.872627258301,0.06929913400249249,0.06929913400249249,324.64,202.76,24767.899411764705
2023,19,Pasco,7,Selva,7,70,5420.112030029297,18737.282722473145,0.37460855514884356,0.13157135845312784,324.64,202.76,24143.009857142857
2023,19,Pasco,7,Selva,8,76,5822.145050048828,20095.80544281006,0.46563480506017857,0.18034004362200948,324.64,202.76,18395.66447368421
2023,20,Piura,1,Costa Norte,2,528,140383.1108455658,535262.8504238129,0.21198425609973742,0.023766652835107316,452.8,239.8,54405.63683712121
2023,20,Piura,1,Costa Norte,3,256,92722.38290405273,359167.40825653076,0.3036648014773168,0.025613542433474218,452.8,239.8,44450.0326171875
2023,20,Piura,1,Costa Norte,4,195,82839.07984924316,312453.24157714844,0.45682253919512733,0.015324239696638516,452.8,239.8,34273.46805128205
2023,20,Piura,1,Costa Norte,5,226,100563.97290039062,364306.95193481445,0.35540344240295235,0.029115741773079865,452.8,239.8,34220.60424778761
2023,20,Piura,1,Costa Norte,6,24,5295.034423828125,17742.67318725586,0.2621966569658954,0.0274569556062712,366.03,212.28,34379.02958333334
2023,20,Piura,1,Costa Norte,7,184,46414.055908203125,174009.39933776855,0.27485902345292085,0.07490983116049531,366.03,212.28,27724.80440217391
2023,20,Piura,1,Costa Norte,8,54,12976.059204101562,43958.83283996582,0.4726380385714587,0.1602571795420765,366.03,212.28,21365.928888888888
2023,20,Piura,4,Sierra Norte,5,6,7227.50390625,20477.927734375,0.35294117647058826,0.0,397.81,227.62,44271.22666666667
2023,20,Piura,4,Sierra Norte,7,103,28535.17481994629,97149.9778137207,0.5015803345319961,0.2471660238833423,338.79,217.15,18007.87
2023,20,Piura,4,Sierra Norte,8,44,12063.261901855469,38212.542053222656,0.6525099947044782,0.2837607814621501,338.79,217.15,17201.536363636365
2023,21,Puno,6,Sierra Sur,2,275,142465.26712846756,477143.62308883667,0.3436278588812682,0.06923452100413002,398.63,227.62,38855.09858181818
2023,21,Puno,6,Sierra Sur,4,17,13909.277893066406,42149.886322021484,0.4307382086303473,0.10254114621400276,398.63,227.62,24330.486470588236
2023,21,Puno,6,Sierra Sur,5,171,160016.48037719727,471960.07933044434,0.45818409709673,0.13313177001420082,398.63,227.62,21454.42426900585
2023,21,Puno,6,Sierra Sur,6,55,18234.892578125,52248.8962097168,0.5072728257179565,0.2690039416466324,339.38,217.15,18827.127090909093
2023,21,Puno,6,Sierra Sur,7,462,153422.73361206055,397592.4008483887,0.4643972284090168,0.20897575246731442,339.38,217.15,14095.091904761905
2023,21,Puno,6,Sierra Sur,8,122,40822.0442199707,111076.73852539062,0.37523930104882597,0.1928708820657337,339.38,217.15,14355.602950819672
2023,21,Puno,7,Selva,6,7,3401.2696228027344,8746.121887207031,0.1111111111111111,0.1111111111111111,329.37,202.76,28888.18857142857
2023,21,Puno,7,Selva,7,15,6576.0599365234375,15573.407348632812,0.261153497988001,0.0,329.37,202.76,16592.229333333333
2023,22,San Martin,7,Selva,2,291,36175.6510848999,117770.23274993896,0.11628041135051494,0.0031584376756336133,399.54,244.49,62152.83298969072
2023,22,San Martin,7,Selva,3,135,27528.169624328613,86849.21370697021,0.31265962713930795,0.0572191955063497,399.54,244.49,41315.659185185184
2023,22,San Martin,7,Selva,4,114,31337.37405014038,107004.15162658691,0.28689445502304833,0.07406325763378674,399.54,244.49,38378.41938596491
2023,22,San Martin,7,Selva,5,312,104797.76097106934,350201.3676147461,0.25191500340181566,0.03257424831925317,399.54,244.49,32435.539102564104
2023,22,San Martin,7,Selva,6,47,7296.645370483398,23589.34422302246,0.15876102169205317,0.0,311.01,202.76,43325.419574468084
2023,22,San Martin,7,Selva,7,311,46217.4319229126,177172.79433441162,0.18301069729068659,0.0351985655239958,311.01,202.76,26287.575916398713
2023,22,San Martin,7,Selva,8,126,19248.02491760254,67721.44763183594,0.21309941080180098,0.04733780614008081,311.01,202.76,26180.367380952383
2023,23,Tacna,3,Costa Sur,2,913,100167.68810606003,316532.108127594,0.2636730638261697,0.00851734620463187,443.81,239.8,41640.828937568454
2023,23,Tacna,3,Costa Sur,5,107,3112.2241621017456,8279.215643882751,0.2977900476857947,0.0,443.81,239.8,55733.140373831775
2023,23,Tacna,3,Costa Sur,6,29,1092.5849647521973,3129.1343879699707,0.20538338069468529,0.011878216954435666,359.54,212.28,32165.77827586207
2023,23,Tacna,3,Costa Sur,7,141,7744.069149017334,21374.07497024536,0.22385301741073252,0.0489846966567149,359.54,212.28,29530.622269503547
2023,23,Tacna,3,Costa Sur,8,6,223.01122283935547,594.6965942382812,0.0,0.0,359.54,212.28,37492.003333333334
2023,23,Tacna,6,Sierra Sur,5,23,2646.9124145507812,5753.424301147461,0.3,0.03998325290394542,390.63,227.62,19180.170869565216
2023,23,Tacna,6,Sierra Sur,6,52,5879.7685470581055,14976.209655761719,0.31931199289103623,0.0946416912151837,333.66,217.15,23699.35173076923
2023,23,Tacna,6,Sierra Sur,7,14,1526.8167877197266,3271.750259399414,0.4,0.16666666666666666,333.66,217.15,19192.81357142857
2023,23,Tacna,6,Sierra Sur,8,14,1283.274154663086,2977.355728149414,0.5042698876819269,0.36629261646127204,333.66,217.15,13303.57142857143
2023,24,Tumbes,1,Costa Norte,3,369,29778.04069709778,107630.0699262619,0.27321060326846514,0.009597143615264725,449.75,239.8,45091.12048780488
2023,24,Tumbes,1,Costa Norte,4,129,15403.213583946228,56695.068775177,0.4278974642207582,0.007808247026356473,449.75,239.8,35703.29705426357
2023,24,Tumbes,1,Costa Norte,5,208,27153.501541137695,89209.82860565186,0.22281930503641567,0.0,449.75,239.8,36345.22331730769
2023,24,Tumbes,1,Costa Norte,7,72,986.3344135284424,3390.5939893722534,0.28324834794047976,0.0,363.83,212.28,29689.7025
2023,24,Tumbes,1,Costa Norte,8,70,722.3999919891357,2189.913625717163,0.30738277986533996,0.029285823010740796,363.83,212.28,23754.336285714286
2023,25,Ucayali,7,Selva,2,603,79772.23608779907,308494.8954086304,0.20410399824066405,0.005396890405740027,415.63,244.49,46301.17744610282
2023,25,Ucayali,7,Selva,4,74,13834.51205444336,49323.5911026001,0.41568427210757664,0.052743823236558164,415.63,244.49,33405.93689189189
2023,25,Ucayali,7,Selva,5,139,26813.966194152832,102221.7804222107,0.2812031519535305,0.052854706392769596,415.63,244.49,32317.402230215826
2023,25,Ucayali,7,Selva,6,15,906.9846496582031,4896.154724121094,0.42512090618785303,0.1264854114442961,322.24,202.76,30410.058666666668
2023,25,Ucayali,7,Selva,7,188,13633.582866668701,52641.15061569214,0.4595018801229996,0.1527713423469742,322.24,202.76,19206.766063829786
2023,25,Ucayali,7,Selva,8,102,7311.135856628418,28386.678665161133,0.28586719823621,0.13052638849681275,322.24,202.76,19785.50901960784
2024,01,Amazonas,4,Sierra Norte,4,139,18247.59746551514,55638.52005767822,0.07294932236340347,0.0,382.02,231.44,53132.73705035971
2024,01,Amazonas,4,Sierra Norte,5,29,5812.490821838383,17386.924537658702,0.1184789233932681,0.0,382.02,231.44,35169.43724137931
2024,01,Amazonas,4,Sierra Norte,6,70,5421.710357666016,16203.872253417969,0.2648366573680232,0.03422278812984016,327.3,219.67,30153.272285714287
2024,01,Amazonas,4,Sierra Norte,7,76,5829.087524414063,17777.863761901855,0.1816077930135702,0.03448103344699366,327.3,219.67,19651.69052631579
2024,01,Amazonas,4,Sierra Norte,8,80,6162.427062988281,19652.107276916504,0.26857951777966976,0.1274353034068576,327.3,219.67,22391.38825
2024,01,Amazonas,7,Selva,4,150,32692.4751739502,96538.54765319827,0.30286253187791595,0.06577243686963118,408.43,248.74,35212.01466666667
2024,01,Amazonas,7,Selva,5,109,26370.87448120118,86061.72593688968,0.238807709999291,0.04074989950726008,408.43,248.74,34198.27458715596
2024,01,Amazonas,7,Selva,6,59,3885.754524230957,11227.752380371096,0.09071592153308604,0.0,317.94,206.45,24214.32881355932
2024,01,Amazonas,7,Selva,7,354,23900.739067077637,84892.19179534912,0.4020157100063904,0.1274847940195698,317.94,206.45,22250.267033898304
2024,01,Amazonas,7,Selva,8,177,11401.270294189453,36975.782958984375,0.271735749960382,0.06067229926778445,317.94,206.45,22395.184802259886
2024,02,Ancash,2,Costa Centro,2,373,114022.91634321213,399684.6189508438,0.13472163918653943,0.0007047893203075166,452.53,242.73,49227.74664879357
2024,02,Ancash,2,Costa Centro,4,81,28849.420501708984,112489.86529541016,0.2671603840767658,0.01010306509529615,452.53,242.73,41660.19135802469
2024,02,Ancash,2,Costa Centro,5,49,19670.760663986202,52713.4153728485,0.08940220711136729,0.0,452.53,242.73,38592.34346938776
2024,02,Ancash,2,Costa Centro,6,16,1711.3561401367226,4693.491828918469,0.0,0.0,365.46,214.02,32194.24375
2024,02,Ancash,2,Costa Centro,7,60,6479.451049804673,25411.46392059322,0.4526949091279745,0.10761719636342222,365.46,214.02,28007.824333333334
2024,02,Ancash,2,Costa Centro,8,24,2449.4130249023406,7840.209594726552,0.5048726676805396,0.1283039260733303,365.46,214.02,21219.8425
2024,02,Ancash,5,Sierra Centro,2,141,32318.53476333619,109785.80742645265,0.06112639410255195,0.0,399.08,231.44,66464.76283687944
2024,02,Ancash,5,Sierra Centro,5,97,42330.02365112305,131196.4407348633,0.19865143234358867,0.033216101947405305,399.08,231.44,40721.15886597938
2024,02,Ancash,5,Sierra Centro,6,137,29150.965103149425,87094.42457580571,0.2973264719032432,0.14970028201881672,339.49,219.67,25723.95197080292
2024,02,Ancash,5,Sierra Centro,7,264,55759.0792694092,179442.99049377447,0.38273229656065244,0.16849666176928577,339.49,219.67,23790.412613636363
2024,02,Ancash,5,Sierra Centro,8,151,31750.7666320801,102141.3809814454,0.43781802485248916,0.1716639897589103,339.49,219.67,18375.393973509934
2024,03,Apurimac,6,Sierra Sur,3,211,40117.823780059814,121422.73122406006,0.08062856520700538,0.015778467043810404,384.37,231.44,49138.455734597155
2024,03,Apurimac,6,Sierra Sur,5,112,35012.05782318115,117933.56048583984,0.28879441450264354,0.050113617423198066,384.37,231.44,35500.158839285716
2024,03,Apurimac,6,Sierra Sur,6,140,22456.17939758301,59344.25807189943,0.3105994769474724,0.07271401422250107,328.97,219.67,21507.989
2024,03,Apurimac,6,Sierra Sur,7,349,56113.505447387695,149923.10369873047,0.29262610913634923,0.08404327556052132,328.97,219.67,18096.877449856733
2024,03,Apurimac,6,Sierra Sur,8,101,16296.343627929691,45564.84939575196,0.26882245497852886,0.025027001347831288,328.97,219.67,22005.328514851484
2024,04,Arequipa,3,Costa Sur,4,194,36864.66667175293,116403.22944641113,0.29618286019794593,0.012134443827840284,455.92,242.73,43060.36675257732
2024,04,Arequipa,3,Costa Sur,5,82,18031.66815185547,53807.36039733888,0.22654080679074184,0.0,455.92,242.73,41717.85182926829
2024,04,Arequipa,3,Costa Sur,6,38,2661.692977905273,7585.5474548339835,0.06303163361430396,0.0,367.91,214.02,48434.20263157895
2024,04,Arequipa,3,Costa Sur,7,80,6127.2224960327185,17302.835983276374,0.1368794653738782,0.0,367.91,214.02,42579.6235
2024,04,Arequipa,3,Costa Sur,8,24,1637.395263671875,4228.060981750488,0.14491330024623805,0.0,367.91,214.02,34680.31333333333
2024,04,Arequipa,6,Sierra Sur,1,760,294557.0083694458,961837.6929645537,0.09773847385078417,0.008544200306605859,401.79,231.44,58130.78481578948
2024,04,Arequipa,6,Sierra Sur,4,100,32020.89213562011,100789.05657958983,0.2574228045367198,0.016592680926799563,401.79,231.44,33513.7355
2024,04,Arequipa,6,Sierra Sur,5,62,28111.164154052698,88433.98968505852,0.27136345649740057,0.01816899497115712,401.79,231.44,38526.14983870968
2024,04,Arequipa,6,Sierra Sur,6,74,10685.568847656255,28885.90647888185,0.3007880281488245,0.08139868793122183,341.43,219.67,29930.040135135136
2024,04,Arequipa,6,Sierra Sur,7,54,8446.342254638672,26615.526000976573,0.4151347846554608,0.1927196046583274,341.43,219.67,29471.931851851852
2024,04,Arequipa,6,Sierra Sur,8,38,6012.942749023437,15794.453506469728,0.6704321412013242,0.19075814416775677,341.43,219.67,22881.3
2024,05,Ayacucho,5,Sierra Centro,2,270,66365.93434906004,221600.08829307556,0.19287781479120322,0.05286067949758356,406.62,231.44,43008.02644444445
2024,05,Ayacucho,5,Sierra Centro,4,48,13129.247154235836,40426.384544372544,0.2950810117464919,0.05079830386769735,406.62,231.44,35445.20958333333
2024,05,Ayacucho,5,Sierra Centro,5,140,54863.076385498054,169592.70181274417,0.29092075614678553,0.05733940890107432,406.62,231.44,29247.2945
2024,05,Ayacucho,5,Sierra Centro,6,164,27639.73727416991,65069.03517913816,0.32067765466639764,0.11638813720067846,344.88,219.67,16902.05457317073
2024,05,Ayacucho,5,Sierra Centro,7,315,53603.36824035643,159490.12933349604,0.4950587465849228,0.14843004663375675,344.88,219.67,16299.022984126985
2024,05,Ayacucho,5,Sierra Centro,8,125,21285.648574829098,53577.54164123533,0.43091500896298895,0.14059112502600205,344.88,219.67,15635.94584
2024,05,Ayacucho,7,Selva,5,45,15051.34045410156,47161.40975952148,0.48965861922796144,0.16602067416756944,434.51,248.74,25447.765333333333
2024,05,Ayacucho,7,Selva,6,8,922.6162719726561,3344.483985900878,0.0,0.0,336.15,206.45,27047.52125
2024,05,Ayacucho,7,Selva,7,45,5346.685447692863,15184.966323852514,0.26667119175927756,0.023493086657423654,336.15,206.45,19686.05622222222
2024,06,Cajamarca,1,Costa Norte,5,6,975.504638671878,2276.177490234382,0.0,0.0,434.1,242.73,37080.96833333333
2024,06,Cajamarca,1,Costa Norte,6,16,1475.524658203125,3608.3956832885738,0.28533461604743815,0.0,352.15,214.02,19140.843125
2024,06,Cajamarca,1,Costa Norte,7,29,3116.5868453979456,7721.086044311518,0.5680303414309182,0.2814485745557598,352.15,214.02,10216.343448275862
2024,06,Cajamarca,1,Costa Norte,8,16,1557.6571655273406,3658.5180816650327,0.6298360691141285,0.39593718074551354,352.15,214.02,12233.59375
2024,06,Cajamarca,4,Sierra Norte,2,187,55784.288844585426,205794.8973193169,0.2242267245521802,0.023986408344122315,384.35,231.44,57471.385882352944
2024,06,Cajamarca,4,Sierra Norte,4,51,25818.16055297852,77779.8328857422,0.1912987363729011,0.024464509872336903,384.35,231.44,43736.43647058823
2024,06,Cajamarca,4,Sierra Norte,5,121,64573.02993774415,197289.0784301758,0.4357308263109378,0.10567806251300148,384.35,231.44,33955.580578512396
2024,06,Cajamarca,4,Sierra Norte,6,52,17774.805358886722,43802.96545410158,0.37185626303143,0.22281189516844216,328.96,219.67,26255.93346153846
2024,06,Cajamarca,4,Sierra Norte,7,521,178906.54479980472,533133.6187438966,0.5773923775703238,0.3386586051628094,328.96,219.67,14457.531631477927
2024,06,Cajamarca,4,Sierra Norte,8,109,37136.76840209961,121713.14288330078,0.7249254850115991,0.4303271807140117,328.96,219.67,14265.344770642201
2024,06,Cajamarca,7,Selva,3,77,24872.188934326165,75013.99267578122,0.4198860722644994,0.02323431509916801,410.9,248.74,31958.283246753246
2024,06,Cajamarca,7,Selva,5,46,28789.497772216786,98098.58401489256,0.26783957680317005,0.12140595854781819,410.9,248.74,42281.61826086957
2024,06,Cajamarca,7,Selva,6,15,3764.2625274658158,9553.417739868153,0.0,0.0,319.66,206.45,35286.61
2024,06,Cajamarca,7,Selva,7,177,44611.4764099121,139168.41357421872,0.4707322581466052,0.11570952911808094,319.66,206.45,19635.077514124296
2024,06,Cajamarca,7,Selva,8,46,11434.322814941404,35973.56452941892,0.2593720650645033,0.07616788353560905,319.66,206.45,19210.86739130435
2024,07,Callao,8,Lima Metropolitana,1,1027,330383.14137268066,1142617.9376678467,0.33859893197375607,0.050393866215128785,559.22,301.35,49866.73889970789
2024,08,Cusco,6,Sierra Sur,2,310,99259.17449760437,337331.58265304565,0.044730287839330606,0.0,400.8,231.44,57487.504451612906
2024,08,Cusco,6,Sierra Sur,4,71,39477.16598510742,135726.0715637207,0.20688995995914686,0.031519567687486844,400.8,231.44,36015.380563380284
2024,08,Cusco,6,Sierra Sur,5,162,104837.56561279297,342242.66442871094,0.24245649310201622,0.012499981867399498,400.8,231.44,33609.57327160494
2024,08,Cusco,6,Sierra Sur,6,75,21759.521301269535,66144.2825317383,0.29730410986890204,0.05038177329929551,340.72,219.67,22586.9004
2024,08,Cusco,6,Sierra Sur,7,323,93844.21618652344,283314.01837158203,0.26338965719607815,0.0385373989840832,340.72,219.67,19015.57523219814
2024,08,Cusco,6,Sierra Sur,8,111,32005.88543701173,97345.45153808597,0.2310883218297077,0.037074479859080633,340.72,219.67,21786.213513513514
2024,08,Cusco,7,Selva,5,54,22027.427902221676,66674.8522529602,0.07374637149032483,0.0,428.34,248.74,40050.80074074074
2024,08,Cusco,7,Selva,6,8,1724.69140625,6467.5927734375,0.0,0.0,331.84,206.45,43826.61875
2024,08,Cusco,7,Selva,7,69,14375.5984954834,46433.980178833,0.18054827477461638,0.023867728252825467,331.84,206.45,25764.29188405797
2024,08,Cusco,7,Selva,8,47,9940.451614379881,27786.659393310543,0.18364174281021314,0.07673737160476597,331.84,206.45,22208.905319148937
2024,09,Huancavelica,5,Sierra Centro,4,118,19497.446060419086,70197.87695908548,0.1543511884072772,0.017728528152341994,395.31,231.44,49360.192881355935
2024,09,Huancavelica,5,Sierra Centro,5,121,25140.624684095383,84770.87729310988,0.4319753708634616,0.09968009417987249,395.31,231.44,33413.04190082644
2024,09,Huancavelica,5,Sierra Centro,6,179,27834.494323730472,80508.82652282716,0.19782974326487662,0.03790651779369093,336.8,219.67,22427.830782122906
2024,09,Huancavelica,5,Sierra Centro,7,460,71943.34829711914,230149.45820617673,0.40417364855950005,0.16048367313507061,336.8,219.67,17472.26554347826
2024,09,Huancavelica,5,Sierra Centro,8,164,25369.141616821293,77475.6146697998,0.32285103242411645,0.14106874061880822,336.8,219.67,17180.366951219512
2024,10,Huanuco,5,Sierra Centro,5,108,93692.66845703126,296099.30947875977,0.3189161734296605,0.053417680959433396,403.12,231.44,31828.549537037037
2024,10,Huanuco,5,Sierra Centro,6,104,27100.892425537113,75997.85636901857,0.26471200362071573,0.04932613183706807,342.38,219.67,23314.564134615386
2024,10,Huanuco,5,Sierra Centro,7,309,79928.39454650879,247277.93037414554,0.5231013772160009,0.22674687796912005,342.38,219.67,17249.922524271846
2024,10,Huanuco,5,Sierra Centro,8,141,36788.81765747071,124904.06732177737,0.5870003111308709,0.22998136046538417,342.38,219.67,16088.103333333333
2024,10,Huanuco,7,Selva,2,273,17853.39379477501,59978.175090432174,0.18752402536300955,0.03913752964902165,430.8,248.74,49762.75421245421
2024,10,Huanuco,7,Selva,3,75,4688.461166381835,14624.7817955017,0.1953331457288092,0.024409916353568168,430.8,248.74,49713.0168
2024,10,Huanuco,7,Selva,5,65,6946.516586303721,22077.592987060572,0.31001145395114105,0.011174740840157564,430.8,248.74,37681.84076923077
2024,10,Huanuco,7,Selva,6,16,2475.3227539062564,7262.3059844970885,0.20069805283300152,0.0,333.56,206.45,30011.03875
2024,10,Huanuco,7,Selva,7,117,18145.624099731453,61002.56576538091,0.29593846654344197,0.08844639080595085,333.56,206.45,28488.06581196581
2024,10,Huanuco,7,Selva,8,36,5622.3350830078225,17428.49494934084,0.19339930517660944,0.019195648878671707,333.56,206.45,23898.420555555556
2024,11,Ica,2,Costa Centro,2,880,153219.40804064274,513980.4212704897,0.06062028259696921,0.0,490.01,242.73,53648.79225
2024,11,Ica,2,Costa Centro,4,236,54599.99687290192,180415.11029577255,0.07623333286393044,0.00700888998011551,490.01,242.73,48326.34194915254
2024,11,Ica,2,Costa Centro,5,167,37720.421248435974,120381.45484161375,0.045306843453786334,0.0,490.01,242.73,54075.526706586825
2024,11,Ica,2,Costa Centro,6,22,1370.8838806152348,4123.57779312134,0.0,0.0,392.51,214.02,36867.48454545454
2024,11,Ica,2,Costa Centro,7,125,8055.206424713135,22706.457809448242,0.02110206567360476,0.0,392.51,214.02,36732.68136
2024,11,Ica,2,Costa Centro,8,54,3376.9028930664067,10248.090385437014,0.0,0.0,392.51,214.02,40247.601851851854
2024,11,Ica,5,Sierra Centro,6,8,608.6467895507816,836.8893356323246,0.0,0.0,360.9,219.67,23258.20875
2024,11,Ica,5,Sierra Centro,8,8,604.4442749023439,1511.1106872558598,0.35000000000000003,0.0,360.9,219.67,20806.06125
2024,12,Junin,5,Sierra Centro,2,383,93326.80038261414,279620.27137184143,0.0853657203066233,0.016286123590073014,394.36,231.44,54171.04767624021
2024,12,Junin,5,Sierra Centro,4,69,33335.10818481445,105770.03717041016,0.10552846686333087,0.0068988795640599595,394.36,231.44,39815.27434782609
2024,12,Junin,5,Sierra Centro,5,284,135912.721698761,435065.01560401917,0.21162876292397273,0.022377595332017657,394.36,231.44,35564.70605633803
2024,12,Junin,5,Sierra Centro,6,121,28479.022644042976,70396.26365661623,0.13308063784304228,0.013799597791869721,336.11,219.67,25169.06966942149
2024,12,Junin,5,Sierra Centro,7,164,38139.72100830079,119683.08000183108,0.1609305987380679,0.036582456271867604,336.11,219.67,25674.28743902439
2024,12,Junin,5,Sierra Centro,8,69,16032.766647338874,50922.96711730959,0.3664650079587255,0.10132074674524917,336.11,219.67,17841.036376811593
2024,12,Junin,7,Selva,4,114,44580.08598327637,128469.75878906249,0.10931823415751271,0.015042349284907764,421.51,248.74,36398.01903508772
2024,12,Junin,7,Selva,5,42,20104.57873535156,59129.860656738274,0.2554949439138803,0.11453221623725665,421.51,248.74,29979.34261904762
2024,12,Junin,7,Selva,6,8,1806.2877197265602,5418.86315917968,0.0,0.0,327.07,206.45,22624.2775
2024,12,Junin,7,Selva,7,169,36690.06826782225,129781.27197265619,0.2925334443559058,0.0916344704042966,327.07,206.45,26898.11420118343
2024,12,Junin,7,Selva,8,83,17761.90771484374,65891.72935485834,0.40608425107181667,0.14131026195815263,327.07,206.45,24470.161445783135
2024,13,La Libertad,1,Costa Norte,1,611,232445.18099021912,828408.2878017426,0.22090168536912697,0.011939791443330482,453.82,242.73,57218.758019639936
2024,13,La Libertad,1,Costa Norte,3,52,27605.3505859375,89502.61514282227,0.23711203093586775,0.0,453.82,242.73,52008.96288461539
2024,13,La Libertad,1,Costa Norte,4,264,151690.84176635742,502951.6886901856,0.28687562605100325,0.046033992141011885,453.82,242.73,38111.58329545455
2024,13,La Libertad,1,Costa Norte,5,114,55769.923904418945,179206.1162033081,0.3402782537049182,0.032911553043367694,453.82,242.73,38539.10894736842
2024,13,La Libertad,1,Costa Norte,6,8,1799.707885742184,6074.014114379871,0.0,0.0,366.39,214.02,47374.29125
2024,13,La Libertad,1,Costa Norte,7,62,13192.155090332028,42948.78857421874,0.2647709482373284,0.034865490680392144,366.39,214.02,30248.6814516129
2024,13,La Libertad,1,Costa Norte,8,16,3232.2945556640634,11788.469238281254,0.22782776122348777,0.0,366.39,214.02,33285.229375
2024,13,La Libertad,4,Sierra Norte,4,35,20709.012359619137,67183.89968872069,0.35199014400310635,0.0421219600918613,400.11,231.44,36198.802
2024,13,La Libertad,4,Sierra Norte,5,55,18199.883026123043,55313.04675292968,0.2950550520798501,0.08053092073182826,400.11,231.44,33980.038181818185
2024,13,La Libertad,4,Sierra Norte,6,35,11082.575805664068,33850.49127197267,0.3195636866819051,0.04406668015503002,340.23,219.67,32094.66085714286
2024,13,La Libertad,4,Sierra Norte,7,205,64036.39703369141,207773.02670288086,0.5983452515929675,0.33560031145947794,340.23,219.67,19431.605707317074
2024,13,La Libertad,4,Sierra Norte,8,52,16684.380340576172,55788.21585083007,0.5296805643291688,0.31608655846815026,340.23,219.67,21243.271153846155
2024,14,Lambayeque,1,Costa Norte,1,502,144614.71869659424,467405.84721279144,0.06463864315563679,0.002267701912822919,455.44,242.73,47414.678147410355
2024,14,Lambayeque,1,Costa Norte,3,65,23365.63037109375,70400.30296325685,0.09296033908507337,0.0,455.44,242.73,38971.89723076923
2024,14,Lambayeque,1,Costa Norte,4,156,59652.75915908814,196441.85475921634,0.08938057595784187,0.0,455.44,242.73,38638.65935897436
2024,14,Lambayeque,1,Costa Norte,5,293,118854.71505737305,413200.5963287354,0.22197656101304422,0.0,455.44,242.73,35552.85358361775
2024,14,Lambayeque,1,Costa Norte,7,232,45220.55285644531,169086.21517944336,0.194621189252479,0.016338852402621153,367.56,214.02,32008.519353448275
2024,14,Lambayeque,1,Costa Norte,8,14,2842.92321777344,9758.853393554693,0.2387731339007109,0.1302398912185696,367.56,214.02,22529.330714285716
2024,14,Lambayeque,4,Sierra Norte,6,8,1230.6346435546877,4922.538574218751,0.31250000000000006,0.21875000000000006,341.15,219.67,22465.17625
2024,14,Lambayeque,4,Sierra Norte,7,16,2307.880615234375,10853.635711669924,0.4612872639087426,0.05461060685639176,341.15,219.67,21399.340625
2024,14,Lambayeque,4,Sierra Norte,8,16,2353.067993164063,7660.996139526372,0.2208750146938866,0.0,341.15,219.67,20185.4575
2024,15,Lima,2,Costa Centro,2,414,96754.77034759521,330031.14082336426,0.19794699403552232,0.022038769220896846,445.99,242.73,46150.78268115942
2024,15,Lima,2,Costa Centro,3,262,58507.5414352417,193368.12818145752,0.16806611285720152,0.01571962835059787,445.99,242.73,43343.42019083969
2024,15,Lima,2,Costa Centro,4,146,34656.31553649902,123853.56844329834,0.24355071711798956,0.0,445.99,242.73,40906.77424657534
2024,15,Lima,2,Costa Centro,5,144,36653.49911499023,128109.72404479979,0.2409744655775832,0.04033492071950092,445.99,242.73,41131.82743055555
2024,15,Lima,2,Costa Centro,6,45,4799.775146484378,14192.710510253904,0.2322493266547048,0.14860922122106265,360.74,214.02,29138.260444444444
2024,15,Lima,2,Costa Centro,7,142,14842.980094909663,46056.20774078368,0.11496522558083265,0.021717803834136802,360.74,214.02,32711.471267605633
2024,15,Lima,2,Costa Centro,8,47,6028.076583862306,16903.89631652832,0.044774377050992895,0.0,360.74,214.02,35722.79765957447
2024,15,Lima,5,Sierra Centro,5,40,19411.129974365238,59634.50158691407,0.15746878808377135,0.0,393.85,231.44,32662.1405
2024,15,Lima,5,Sierra Centro,6,131,15893.463203430183,42673.39415740971,0.48254312546046163,0.22789417526413255,335.75,219.67,19671.120534351146
2024,15,Lima,5,Sierra Centro,7,52,6425.670745849613,18942.50675964356,0.578883774494042,0.12745275904556622,335.75,219.67,19562.188846153847
2024,15,Lima,5,Sierra Centro,8,58,7051.699447631846,17054.240608215357,0.35200813408854253,0.17891537053359308,335.75,219.67,19375.548275862067
2024,15,Lima,8,Lima Metropolitana,1,3063,3031774.296081543,10289088.650604248,0.2758446302822133,0.03089889543186402,559.22,301.35,64491.99520404832
2024,16,Loreto,7,Selva,2,531,102626.59447562696,423072.7320110798,0.25345093253752343,0.05806638357202302,417.51,248.74,58746.315103578156
2024,16,Loreto,7,Selva,3,111,27627.888792395595,107943.72757768631,0.4072081861071367,0.047977141406446454,417.51,248.74,49681.54495495495
2024,16,Loreto,7,Selva,4,64,20289.395141601566,88694.65899658205,0.3963589038379059,0.12879757245855195,417.51,248.74,42250.15109375
2024,16,Loreto,7,Selva,5,141,45373.274658203125,191056.91256713867,0.5083499085852548,0.21454409843578115,417.51,248.74,33030.309929078016
2024,16,Loreto,7,Selva,6,53,7383.08369445801,34855.62565612795,0.4838587789631502,0.05163688336056073,324.28,206.45,31458.540188679246
2024,16,Loreto,7,Selva,7,253,34734.19938659669,148555.51872253418,0.6226755769240513,0.25636024887583037,324.28,206.45,21863.55889328063
2024,16,Loreto,7,Selva,8,206,28168.035110473636,134891.72349548343,0.6847073256140729,0.34937277938128947,324.28,206.45,17820.64650485437
2024,17,Madre de Dios,7,Selva,3,267,22336.934417724613,73294.56443119049,0.08986465224726634,0.010304482728064158,413.43,248.74,52652.65696629213
2024,17,Madre de Dios,7,Selva,5,154,21033.9052696228,71004.50694179535,0.11736000777960051,0.013206970182104736,413.43,248.74,41388.75116883117
2024,17,Madre de Dios,7,Selva,6,28,944.8844299316402,3297.271961212157,0.08969765783752469,0.0,321.43,206.45,51116.897142857146
2024,17,Madre de Dios,7,Selva,7,71,2287.1469573974614,8827.245113372803,0.20032348114853735,0.030017512336379507,321.43,206.45,50480.917183098594
2024,17,Madre de Dios,7,Selva,8,83,2547.496364593506,9568.178184509277,0.1589307686731551,0.06105604381951733,321.43,206.45,38549.571927710844
2024,18,Moquegua,3,Costa Sur,3,644,50424.79855108261,145176.6554722786,0.061810881509425264,0.004567941794485743,456.49,242.73,53793.4650931677
2024,18,Moquegua,3,Costa Sur,5,15,1081.1608886718752,2649.1685943603525,0.053079218608262035,0.0,456.49,242.73,51857.323333333334
2024,18,Moquegua,3,Costa Sur,7,21,1211.9941978454592,2628.2082557678223,0.30159747892875155,0.0,368.31,214.02,39905.75142857143
2024,18,Moquegua,3,Costa Sur,8,8,395.1166992187504,987.7917480468759,0.0,0.0,368.31,214.02,71373.255
2024,18,Moquegua,6,Sierra Sur,5,37,5370.354751586917,15670.199867248539,0.17873939049881415,0.0,402.24,231.44,91718.57027027027
2024,18,Moquegua,6,Sierra Sur,6,102,6238.718181610107,12870.07445526123,0.29100852826867485,0.12444783725074954,341.75,219.67,20014.239215686273
2024,18,Moquegua,6,Sierra Sur,7,73,4452.957664489746,10161.227783203125,0.2781362530483557,0.13591140953475953,341.75,219.67,21871.716301369863
2024,18,Moquegua,6,Sierra Sur,8,63,3779.8969688415527,8242.451179504393,0.30089456390974595,0.13085434227180534,341.75,219.67,23653.998571428572
2024,19,Pasco,5,Sierra Centro,3,220,21854.004273414615,78161.61296463016,0.40793567188041346,0.03449681228587713,400.25,231.44,38786.742454545456
2024,19,Pasco,5,Sierra Centro,5,168,38027.78894233705,118791.95455837254,0.39734482794968934,0.09775189716106866,400.25,231.44,31489.427083333332
2024,19,Pasco,5,Sierra Centro,6,37,3295.128128051758,9632.856140136717,0.3955001130526357,0.0626952209291175,340.33,219.67,21743.29216216216
2024,19,Pasco,5,Sierra Centro,7,104,9058.827537536621,28928.217498779297,0.4642082052822883,0.24419971993391076,340.33,219.67,20332.83278846154
2024,19,Pasco,5,Sierra Centro,8,59,5071.558212280273,12938.86710357666,0.4110286960643711,0.06680930465182762,340.33,219.67,20317.160338983052
2024,19,Pasco,7,Selva,5,122,11678.714157104492,36392.777671813965,0.34479928666853193,0.037941088569932314,427.76,248.74,30600.90049180328
2024,19,Pasco,7,Selva,6,15,1209.7748184204102,3225.330390930176,0.20260067105064725,0.0,331.43,206.45,30986.564
2024,19,Pasco,7,Selva,7,73,5848.457328796387,21837.119834899902,0.34187174949446175,0.11206893328115933,331.43,206.45,25459.479452054795
2024,19,Pasco,7,Selva,8,67,5110.031379699707,17867.34383392334,0.30394319536202585,0.03565144766367389,331.43,206.45,22245.29029850746
2024,20,Piura,1,Costa Norte,2,531,154157.3416042328,598038.2424468994,0.25278145690469295,0.005311203889829519,457.08,242.73,58960.55580037665
2024,20,Piura,1,Costa Norte,3,268,102635.55279541016,384911.5386810303,0.2821087367257414,0.005991016034107834,457.08,242.73,42526.09824626866
2024,20,Piura,1,Costa Norte,4,193,79263.0795288086,294602.2969665527,0.37552630192192304,0.049508493856642966,457.08,242.73,34553.336373057
2024,20,Piura,1,Costa Norte,5,207,88556.43115234374,328102.04931640625,0.325026543113997,0.02193062359389996,457.08,242.73,37196.75951690821
2024,20,Piura,1,Costa Norte,6,16,3895.2165527343777,8996.834289550785,0.3214984684316821,0.0,368.74,214.02,15923.03125
2024,20,Piura,1,Costa Norte,7,182,47053.19046020507,180289.71958923337,0.3513411371607664,0.07965934473698422,368.74,214.02,29114.87236263736
2024,20,Piura,1,Costa Norte,8,56,14477.522064208988,43249.27996826173,0.3064201911903273,0.10342881134518297,368.74,214.02,21967.508214285714
2024,20,Piura,4,Sierra Norte,5,19,5625.2647399902335,15126.658782958983,0.2549996297438445,0.15500703486695303,402.71,231.44,35493.12052631579
2024,20,Piura,4,Sierra Norte,7,102,29212.843658447266,105392.25717163086,0.5411188361000303,0.31873754110686414,342.09,219.67,17793.560784313726
2024,20,Piura,4,Sierra Norte,8,37,10535.61282348633,29861.130889892585,0.5415208594100684,0.18627792440053448,342.09,219.67,16793.154054054055
2024,21,Puno,6,Sierra Sur,2,303,149558.38745236394,512030.44723296154,0.2627843282647596,0.009856841392141307,403.48,231.44,42457.658547854786
2024,21,Puno,6,Sierra Sur,4,17,13716.339233398427,44463.71734619136,0.3287747443252914,0.1971783799402095,403.48,231.44,28472.131764705882
2024,21,Puno,6,Sierra Sur,5,170,150786.24023437494,467395.7459106444,0.4892912326575569,0.15164379388169041,403.48,231.44,20207.076764705882
2024,21,Puno,6,Sierra Sur,6,56,18692.47198486328,50696.536193847656,0.30403147932182234,0.16307769272439238,342.64,219.67,23370.483214285716
2024,21,Puno,6,Sierra Sur,7,443,148543.11178588867,388767.5621948242,0.4954259563295618,0.21815892387670233,342.64,219.67,13757.551896162528
2024,21,Puno,6,Sierra Sur,8,112,37284.68768310547,100540.89785766602,0.3880516664272942,0.15481920792517875,342.64,219.67,15487.5775
2024,21,Puno,7,Selva,6,8,3201.960205078128,6403.920410156256,0.3125,0.0625,333.82,206.45,8676.66625
2024,21,Puno,7,Selva,7,14,5830.8159790039035,16586.94238281249,0.41428657186867335,0.27346951026695326,333.82,206.45,11923.141428571429
2024,22,San Martin,7,Selva,2,295,37090.15168762207,123347.61113739014,0.1564157734025203,0.034160108127845173,405.7,248.74,57068.361322033896
2024,22,San Martin,7,Selva,3,145,28385.66379547119,108795.72639465335,0.14190363998440703,0.0,405.7,248.74,52088.227034482756
2024,22,San Martin,7,Selva,4,112,28823.899948120117,95053.02663421628,0.22577042575470646,0.05240183813296765,405.7,248.74,38709.493125
2024,22,San Martin,7,Selva,5,318,100908.0760269165,352891.7925720215,0.27092103934026623,0.058241365431425725,405.7,248.74,39249.37062893082
2024,22,San Martin,7,Selva,6,61,9380.837799072266,30146.53160095215,0.14887852902340123,0.032410961131395494,316.03,206.45,31735.347540983606
2024,22,San Martin,7,Selva,7,293,46152.03781127929,166400.22186279297,0.21363934037171786,0.038408544296463294,316.03,206.45,29036.939044368602
2024,22,San Martin,7,Selva,8,123,19513.814910888672,70810.92501831056,0.23733264407978547,0.0632922296260787,316.03,206.45,28887.58861788618
2024,23,Tacna,3,Costa Sur,2,862,104290.07591819763,320157.3957185746,0.23163993986929154,0.014744270084563967,449.82,242.73,40306.64290023202
2024,23,Tacna,3,Costa Sur,5,122,3652.3195228576665,8703.129694938661,0.2840966921128097,0.06541386328295405,449.82,242.73,68393.29393442623
2024,23,Tacna,3,Costa Sur,6,38,1425.9267425537112,4652.966579437256,0.1121771249283655,0.008524559347015757,363.5,214.02,36499.09052631579
2024,23,Tacna,3,Costa Sur,7,148,7723.242130279541,19968.012279510498,0.23528993351369795,0.031208487951579236,363.5,214.02,26189.973378378378
2024,23,Tacna,3,Costa Sur,8,7,277.6514282226566,753.6253051757823,0.21052631578947367,0.0,363.5,214.02,60730.88285714286
2024,23,Tacna,6,Sierra Sur,5,23,2142.030014038086,5513.236862182616,0.3232578699483438,0.015113195077484244,396.91,231.44,20645.83260869565
2024,23,Tacna,6,Sierra Sur,6,53,6414.93347167968,15837.136299133277,0.33649794252917054,0.19405657514395697,337.94,219.67,22832.13358490566
2024,23,Tacna,6,Sierra Sur,7,11,1353.833694458003,3446.122131347644,0.4285714285714286,0.2142857142857143,337.94,219.67,27043.377272727274
2024,23,Tacna,6,Sierra Sur,8,7,861.530532836911,1723.061065673822,0.4285714285714286,0.14285714285714285,337.94,219.67,12227.715714285714
2024,24,Tumbes,1,Costa Norte,3,341,29289.701608657833,98718.42684078215,0.22930357383659059,0.0,452.47,242.73,42096.883079178886
2024,24,Tumbes,1,Costa Norte,4,151,18203.57857894898,62610.82573890685,0.21563939889236194,0.020829151196205407,452.47,242.73,39068.88761589404
2024,24,Tumbes,1,Costa Norte,5,210,28619.542480468743,95829.28320312499,0.3487968540489827,0.014949114661207904,452.47,242.73,34076.24180952381
2024,24,Tumbes,1,Costa Norte,7,65,854.6270513534541,2689.49461841583,0.16593731427348324,0.018684960382929734,365.42,214.02,29990.728
2024,24,Tumbes,1,Costa Norte,8,75,704.6353540420533,2111.068522453308,0.2183632389318518,0.0,365.42,214.02,25939.7448
2024,25,Ucayali,7,Selva,2,596,80752.79105567932,314250.8747787476,0.23693957775046054,0.02199810522060964,421.29,248.74,45424.934362416105
2024,25,Ucayali,7,Selva,4,75,13880.617088317862,47257.522869110064,0.3013796807075111,0.0,421.29,248.74,32937.0252
2024,25,Ucayali,7,Selva,5,144,29156.432708740227,111372.12628173825,0.32256734167748874,0.05439557363280881,421.29,248.74,39631.563055555554
2024,25,Ucayali,7,Selva,6,15,1030.8868637084963,3249.9122848510747,0.0,0.0,326.92,206.45,39099.698
2024,25,Ucayali,7,Selva,7,175,13081.332069396973,50633.44598388672,0.39382788642446037,0.09061057583927222,326.92,206.45,22245.891657142856
2024,25,Ucayali,7,Selva,8,114,8107.853355407715,31720.293365478516,0.20854927507072796,0.02118391117231785,326.92,206.45,22510.20807017544
2025,01,Amazonas,4,Sierra Norte,4,136,18238.256538391113,56504.511726379395,0.058745119675801157,0.009141373645902567,387.29,234.98,55938.155147058824
2025,01,Amazonas,4,Sierra Norte,5,27,5405.433052062988,14733.62321472168,0.1526810331905159,0.0,387.29,234.98,34561.41370370371
2025,01,Amazonas,4,Sierra Norte,6,62,5305.39599609375,14083.154602050781,0.1002269274375889,0.0,330.97,222.11,31955.938548387097
2025,01,Amazonas,4,Sierra Norte,7,75,6496.333908081055,19853.596389770508,0.2433803275546654,0.05225379013518262,330.97,222.11,20997.605333333333
2025,01,Amazonas,4,Sierra Norte,8,81,6950.760803222656,18143.912704467773,0.11198285282301608,0.0360441419885157,330.97,222.11,23884.663086419754
2025,01,Amazonas,7,Selva,4,142,33253.18641662598,96003.71688842773,0.16517168105923505,0.06772127942618443,414.34,252.83,35682.3523943662
2025,01,Amazonas,7,Selva,5,108,28711.074905395508,87957.56663513184,0.2147174791212976,0.03866651781638064,414.34,252.83,34615.27861111111
2025,01,Amazonas,7,Selva,6,59,3917.6051864624023,10306.835479736328,0.2812505661808761,0.0897089868418343,323.08,210.32,26664.413559322034
2025,01,Amazonas,7,Selva,7,344,24288.33140563965,83716.25714874268,0.32683809275948916,0.06699031034337641,323.08,210.32,26511.718575581395
2025,01,Amazonas,7,Selva,8,170,11240.91413116455,34922.44021606445,0.2892990683479753,0.05340848348493199,323.08,210.32,22046.06170588235
2025,02,Ancash,2,Costa Centro,2,367,111665.94362974167,396713.8704433441,0.1540744193439208,0.0017068431617399081,458.53,247.03,49411.310735694824
2025,02,Ancash,2,Costa Centro,4,75,28048.302795410156,100994.86407470703,0.1870894255769297,0.0,458.53,247.03,41925.7864
2025,02,Ancash,2,Costa Centro,5,49,19638.080797195435,75984.11850833893,0.20602991731690876,0.02227861460481646,458.53,247.03,44719.05693877551
2025,02,Ancash,2,Costa Centro,6,16,1564.5411376953125,3415.879981994629,0.05853156855872419,0.0,367.96,215.29,23431.45375
2025,02,Ancash,2,Costa Centro,7,62,6152.533279418945,25103.359397888184,0.5972554796303807,0.26565570411329464,367.96,215.29,22116.91435483871
2025,02,Ancash,2,Costa Centro,8,24,2364.2883911132812,8796.697257995605,0.407128476833201,0.02173525647885056,367.96,215.29,27711.864583333332
2025,02,Ancash,5,Sierra Centro,2,142,34277.85515213013,112447.92714691162,0.14373317891845294,0.02643491767432713,403.99,234.98,59397.86711267605
2025,02,Ancash,5,Sierra Centro,5,95,43583.865798950195,131048.01802062988,0.214073182919802,0.0,403.99,234.98,43513.61894736842
2025,02,Ancash,5,Sierra Centro,6,134,29557.591674804688,88816.68298339844,0.3170718916276632,0.07144557059101282,342.91,222.11,29004.65223880597
2025,02,Ancash,5,Sierra Centro,7,260,57280.056243896484,177559.80041503906,0.340137999797789,0.0883537960776632,342.91,222.11,23675.724307692308
2025,02,Ancash,5,Sierra Centro,8,148,32635.315338134766,96114.81246948242,0.33062747623907096,0.025427457953571802,342.91,222.11,24069.64277027027
2025,03,Apurimac,6,Sierra Sur,3,218,41439.765605926514,129250.61432266235,0.17090255414661806,0.0,389.94,234.98,48592.550917431196
2025,03,Apurimac,6,Sierra Sur,5,111,36154.466453552246,113392.4373550415,0.216145721628146,0.013320798806968447,389.94,234.98,31880.60009009009
2025,03,Apurimac,6,Sierra Sur,6,134,21240.8328704834,55538.46147155762,0.170248597981549,0.03017198034735181,332.87,222.11,25359.684850746267
2025,03,Apurimac,6,Sierra Sur,7,346,54842.22201538086,157268.16915893555,0.24529755966653147,0.07587941023216421,332.87,222.11,21628.373843930636
2025,03,Apurimac,6,Sierra Sur,8,102,16307.302520751953,43567.55256652832,0.22131085947365692,0.04051634482089857,332.87,222.11,23174.29656862745
2025,04,Arequipa,3,Costa Sur,4,195,36662.59880065918,119773.93824005127,0.17617462965219394,0.020475082537966108,463.81,247.03,44747.81671794872
2025,04,Arequipa,3,Costa Sur,5,81,17255.135452270508,47022.7880859375,0.1550774108210084,0.0,463.81,247.03,55285.904691358024
2025,04,Arequipa,3,Costa Sur,6,39,2519.452018737793,7152.677932739258,0.01646500887459175,0.0,371.77,215.29,51598.54615384615
2025,04,Arequipa,3,Costa Sur,7,81,5619.756164550781,17172.625617980957,0.09723284917491307,0.007562625269737775,371.77,215.29,41188.40691358025
2025,04,Arequipa,3,Costa Sur,8,23,1387.9488372802734,4498.53369140625,0.0,0.0,371.77,215.29,45641.953043478265
2025,04,Arequipa,6,Sierra Sur,1,782,289046.2407836914,983637.9033241272,0.09772348040879894,0.008605749682367946,408.21,234.98,62171.08124040921
2025,04,Arequipa,6,Sierra Sur,4,99,32857.34506225586,104613.9538269043,0.2278554631471028,0.032543518134767836,408.21,234.98,36643.65414141414
2025,04,Arequipa,6,Sierra Sur,5,59,26264.1015625,85534.23782348633,0.1918105357390828,0.016436071666344417,408.21,234.98,42631.313559322036
2025,04,Arequipa,6,Sierra Sur,6,75,11574.488876342773,31002.16860961914,0.15169748242305783,0.011923803201609646,345.93,222.11,30702.953733333332
2025,04,Arequipa,6,Sierra Sur,7,54,8720.318603515625,22535.56968688965,0.27485986771421356,0.09296656704399724,345.93,222.11,21875.82222222222
2025,04,Arequipa,6,Sierra Sur,8,35,6033.371154785156,15045.508346557617,0.4547809959313958,0.09827883480156312,345.93,222.11,20629.944571428572
2025,05,Ayacucho,5,Sierra Centro,2,277,70909.08219909668,237291.86306381226,0.27740396315966026,0.01729039499255908,414.19,234.98,42338.81032490975
2025,05,Ayacucho,5,Sierra Centro,4,48,14206.751735687256,44089.94968032837,0.22624250429420134,0.04494646494944533,414.19,234.98,37858.07666666667
2025,05,Ayacucho,5,Sierra Centro,5,142,59743.39448547363,167967.57960510254,0.35581015776767183,0.05887366095443461,414.19,234.98,29969.99408450704
2025,05,Ayacucho,5,Sierra Centro,6,167,29571.716552734375,72653.31958007812,0.3026969246343629,0.055277706437534845,350.2,222.11,18264.53610778443
2025,05,Ayacucho,5,Sierra Centro,7,313,55337.74351501465,147483.3991241455,0.44268569502649674,0.08082147766431205,350.2,222.11,14659.112587859425
2025,05,Ayacucho,5,Sierra Centro,8,119,21064.605712890625,51021.50175476074,0.44503621183432546,0.11799581026620821,350.2,222.11,12585.515210084033
2025,05,Ayacucho,7,Selva,5,46,14314.640655517578,39360.16961669922,0.19633402380555293,0.037891755761263995,442.88,252.83,32002.968260869566
2025,05,Ayacucho,7,Selva,6,8,937.0234375,3513.837890625,0.5333333333333333,0.0,343.0,210.32,13274.0675
2025,05,Ayacucho,7,Selva,7,45,5729.7783203125,17155.989700317383,0.4495855310254918,0.0561255420416575,343.0,210.32,16514.752666666667
2025,06,Cajamarca,1,Costa Norte,5,6,871.9516296386719,2325.204345703125,0.1875,0.0,439.31,247.03,31434.855
2025,06,Cajamarca,1,Costa Norte,6,16,1463.3753662109375,2659.637496948242,0.20789293511446338,0.17389490354852663,354.08,215.29,21572.94875
2025,06,Cajamarca,1,Costa Norte,7,30,3088.716636657715,8442.666534423828,0.3822334066874567,0.17373391427775794,354.08,215.29,15455.974333333334
2025,06,Cajamarca,1,Costa Norte,8,14,1436.9469757080078,3806.6238174438477,0.3387551955283474,0.0,354.08,215.29,17226.748571428572
2025,06,Cajamarca,4,Sierra Norte,2,173,58662.23311853409,190131.77346229553,0.16589227956910185,0.0019320267686671862,388.63,234.98,51911.50988439306
2025,06,Cajamarca,4,Sierra Norte,4,51,30386.611083984375,83927.53147888184,0.11515070831908593,0.043792078215406906,388.63,234.98,54633.713137254905
2025,06,Cajamarca,4,Sierra Norte,5,123,71763.68238830566,217091.27921295166,0.3862916405060072,0.11749857360411307,388.63,234.98,36614.98138211382
2025,06,Cajamarca,4,Sierra Norte,6,54,19983.66845703125,56223.93048095703,0.3214760517748071,0.05287181832645296,331.93,222.11,22989.240555555556
2025,06,Cajamarca,4,Sierra Norte,7,518,193205.58181762695,529211.1097106934,0.5218309150810087,0.2487558644940655,331.93,222.11,14781.038725868726
2025,06,Cajamarca,4,Sierra Norte,8,108,39968.29821777344,114820.63888549805,0.5815621279515594,0.28853399081470926,331.93,222.11,13459.411203703705
2025,06,Cajamarca,7,Selva,3,81,27066.95216369629,79242.50947570801,0.64556663961182,0.18342714774501107,415.76,252.83,37960.85864197531
2025,06,Cajamarca,7,Selva,5,45,29399.8828125,96932.10661315918,0.30808182613257745,0.07174705532499229,415.76,252.83,32060.74266666667
2025,06,Cajamarca,7,Selva,6,16,3951.9520263671875,9148.61734008789,0.2993205563619548,0.10884383867707446,324.07,210.32,20254.23625
2025,06,Cajamarca,7,Selva,7,183,44283.772216796875,132851.83752441406,0.3843910596993003,0.11534875311880625,324.07,210.32,19954.86732240437
2025,06,Cajamarca,7,Selva,8,46,11189.17739868164,34024.7784576416,0.41455807630493696,0.13901370431645152,324.07,210.32,21256.656739130434
2025,07,Callao,8,Lima Metropolitana,1,1013,338503.6347503662,1163713.1304016113,0.32149712087782867,0.03564074711932804,568.01,307.24,53204.47976307996
2025,08,Cusco,6,Sierra Sur,2,299,110548.02624702454,344541.291223526,0.03391371880682629,0.0,406.01,234.98,53908.66826086956
2025,08,Cusco,6,Sierra Sur,4,75,50625.020446777344,150005.21084594727,0.22801658862213325,0.0,406.01,234.98,33316.66933333333
2025,08,Cusco,6,Sierra Sur,5,161,119592.3317565918,334835.7559814453,0.20840249099682392,0.022077346221408365,406.01,234.98,30541.076335403726
2025,08,Cusco,6,Sierra Sur,6,73,22723.221282958984,63061.30841064453,0.19800076902507674,0.024531464309280646,344.36,222.11,25185.927671232876
2025,08,Cusco,6,Sierra Sur,7,321,100305.78729248047,282778.5249938965,0.23664235435477887,0.05604427515314422,344.36,222.11,19371.722087227416
2025,08,Cusco,6,Sierra Sur,8,116,36095.524658203125,88561.39047241211,0.34908750426406765,0.06319229924384415,344.36,222.11,14442.477413793104
2025,08,Cusco,7,Selva,5,51,20585.78365135193,67144.80310249329,0.35957884501065135,0.0,434.2,252.83,35196.258431372546
2025,08,Cusco,7,Selva,6,7,1472.3401336669922,6099.694839477539,0.0,0.0,336.94,210.32,35323.08285714286
2025,08,Cusco,7,Selva,7,71,15249.910934448242,44470.3145904541,0.27189658750068885,0.1286045084107633,336.94,210.32,20286.155633802817
2025,08,Cusco,7,Selva,8,47,10281.30729675293,28897.33041381836,0.08994668427685852,0.0,336.94,210.32,23342.74170212766
2025,09,Huancavelica,5,Sierra Centro,4,119,23430.746138572693,74934.89332199097,0.14159287320249586,0.0031314201337246613,399.83,234.98,45511.03697478992
2025,09,Huancavelica,5,Sierra Centro,5,117,27626.022554159164,81150.15733861923,0.34286864434377695,0.061754443299196715,399.83,234.98,29359.46769230769
2025,09,Huancavelica,5,Sierra Centro,6,177,28671.76528930664,81945.45166015625,0.2025805355360221,0.046989474921642,339.94,222.11,23685.509491525423
2025,09,Huancavelica,5,Sierra Centro,7,458,74751.7338256836,229405.68168640137,0.4026296852613045,0.10895299276658757,339.94,222.11,16871.1253930131
2025,09,Huancavelica,5,Sierra Centro,8,162,26171.829696655273,72958.58782958984,0.5188275576584812,0.1892739864669138,339.94,222.11,15094.063518518518
2025,10,Huanuco,5,Sierra Centro,5,104,92975.5238647461,295542.5227050781,0.2572165558911098,0.01582009733088415,408.77,234.98,31997.935384615386
2025,10,Huanuco,5,Sierra Centro,6,102,27946.80209350586,78072.86764526367,0.27675573294773037,0.03229066143167026,346.33,222.11,25237.131470588236
2025,10,Huanuco,5,Sierra Centro,7,310,84957.5912475586,250519.0906677246,0.48124146764378667,0.1830057611056044,346.33,222.11,18061.491548387097
2025,10,Huanuco,5,Sierra Centro,8,137,37504.93557739258,122145.5149230957,0.6411168087007862,0.23745904439666232,346.33,222.11,15198.65795620438
2025,10,Huanuco,7,Selva,2,268,19413.178663253784,59996.53605520725,0.19142370282956783,0.016712982448761217,437.12,252.83,50461.459589552236
2025,10,Huanuco,7,Selva,3,71,5028.087322711945,15450.095281362534,0.08098828338764115,0.0,437.12,252.83,46754.07323943662
2025,10,Huanuco,7,Selva,5,66,7686.33512878418,22969.43724822998,0.20924663493581647,0.0,437.12,252.83,30606.086666666666
2025,10,Huanuco,7,Selva,6,16,2766.6922607421875,9198.973373413086,0.0,0.0,338.98,210.32,25521.615
2025,10,Huanuco,7,Selva,7,118,20044.67350769043,59462.860107421875,0.2534751624215606,0.03997780268609515,338.98,210.32,26654.668474576272
2025,10,Huanuco,7,Selva,8,37,6260.847305297852,17831.254501342773,0.1671108577305353,0.009722525264537062,338.98,210.32,22275.07972972973
2025,11,Ica,2,Costa Centro,2,876,159251.46591734886,513294.72023534775,0.03935506138605302,0.0034157806732449877,500.31,247.03,53105.319543378995
2025,11,Ica,2,Costa Centro,4,248,59042.77174663544,195713.1330037117,0.06605689389230239,0.0,500.31,247.03,49349.76794354839
2025,11,Ica,2,Costa Centro,5,161,38211.98351573944,115819.57983207703,0.035795878053772545,0.0,500.31,247.03,49969.73559006211
2025,11,Ica,2,Costa Centro,6,22,1206.5908851623535,3628.035358428955,0.0,0.0,398.12,215.29,42538.63272727273
2025,11,Ica,2,Costa Centro,7,126,7236.393836975098,21805.592945098877,0.014933329310058235,0.0,398.12,215.29,42109.35063492064
2025,11,Ica,2,Costa Centro,8,54,3038.402000427246,9467.89652633667,0.0555616930404085,0.0,398.12,215.29,37691.474444444444
2025,11,Ica,5,Sierra Centro,6,8,440.3625183105469,1100.9062957763672,0.0,0.0,366.77,222.11,26175.055
2025,11,Ica,5,Sierra Centro,8,7,430.925350189209,1108.0937576293945,0.4444444444444444,0.0,366.77,222.11,17329.665714285715
2025,12,Junin,5,Sierra Centro,2,376,100551.1284275055,303677.7335510254,0.08896045673019039,0.0020853049505716896,402.17,234.98,51635.90098404255
2025,12,Junin,5,Sierra Centro,4,69,34518.611572265625,101711.17501831055,0.1531842389209606,0.0,402.17,234.98,34025.94579710145
2025,12,Junin,5,Sierra Centro,5,281,141128.97132110596,420210.5734939575,0.11992326547922316,0.0058229670284303545,402.17,234.98,36514.81209964413
2025,12,Junin,5,Sierra Centro,6,124,28720.391387939453,75719.11302185059,0.11548264285147462,0.021792261324640898,341.61,222.11,24663.503225806453
2025,12,Junin,5,Sierra Centro,7,167,38247.246841430664,115114.77513122559,0.2492458909520834,0.062059001254178146,341.61,222.11,25813.737185628743
2025,12,Junin,5,Sierra Centro,8,68,15554.456176757812,49847.5534362793,0.22319829060163843,0.0,341.61,222.11,24442.882352941175
2025,12,Junin,7,Selva,4,116,45628.13864135742,123156.28050231934,0.0362973276534006,0.004775626830406945,430.12,252.83,37659.0525
2025,12,Junin,7,Selva,5,41,20860.014617919922,64760.50468444824,0.16280920185036069,0.0,430.12,252.83,37892.130975609754
2025,12,Junin,7,Selva,6,8,1738.111572265625,4345.2789306640625,0.0,0.0,334.1,210.32,29382.63625
2025,12,Junin,7,Selva,7,168,35878.35356140137,132559.5460510254,0.16348829226550757,0.019300928409673127,334.1,210.32,34727.76755952381
2025,12,Junin,7,Selva,8,84,17732.89471435547,61951.22244262695,0.280353288818709,0.023290981897109677,334.1,210.32,30115.41857142857
2025,13,La Libertad,1,Costa Norte,1,648,244630.11313056946,842541.0912151337,0.15528637457974198,0.008786204807826485,460.6,247.03,59490.709521604935
2025,13,La Libertad,1,Costa Norte,3,53,31099.195220947266,102799.72958374023,0.09858525600921794,0.0,460.6,247.03,47631.53754716981
2025,13,La Libertad,1,Costa Norte,4,260,153499.81301879883,499407.52645874023,0.27601641549323885,0.05965324997039413,460.6,247.03,40025.83530769231
2025,13,La Libertad,1,Costa Norte,5,117,59872.75444793701,197759.6216506958,0.2938678851483436,0.017776335155548658,460.6,247.03,43012.02606837607
2025,13,La Libertad,1,Costa Norte,6,8,1554.7027587890625,3692.4190521240234,0.21052631578947367,0.0,369.45,215.29,38361.72125
2025,13,La Libertad,1,Costa Norte,7,64,13153.448944091797,47375.32421875,0.24726790344772542,0.03371569714995354,369.45,215.29,42040.44484375
2025,13,La Libertad,1,Costa Norte,8,16,3135.635986328125,10435.923553466797,0.24674369339144814,0.03651204067202995,369.45,215.29,27297.793125
2025,13,La Libertad,4,Sierra Norte,4,36,16922.365173339844,66743.47244262695,0.3936166277269628,0.10276292458329389,405.64,234.98,42491.74638888889
2025,13,La Libertad,4,Sierra Norte,5,54,17924.741943359375,55290.61862182617,0.3362171520369686,0.08326471218883619,405.64,234.98,33698.09333333333
2025,13,La Libertad,4,Sierra Norte,6,35,10332.041961669922,29194.999389648438,0.32113579351464394,0.0,344.09,222.11,21277.07542857143
2025,13,La Libertad,4,Sierra Norte,7,211,61427.802673339844,212931.63711547852,0.5538829107030605,0.2962293169243729,344.09,222.11,18289.214218009478
2025,13,La Libertad,4,Sierra Norte,8,54,16242.452880859375,53091.56704711914,0.33233540828479646,0.13030085398947147,344.09,222.11,21086.465
2025,14,Lambayeque,1,Costa Norte,1,558,146134.37032032013,491458.9681558609,0.10174351062999167,0.004867252271392309,462.2,247.03,52617.835860215055
2025,14,Lambayeque,1,Costa Norte,3,68,21634.148193359375,79972.52110290527,0.08314431705959072,0.0,462.2,247.03,42623.68794117647
2025,14,Lambayeque,1,Costa Norte,4,175,62489.06974411011,214989.55123901367,0.11582867105166952,0.0,462.2,247.03,40524.64525714286
2025,14,Lambayeque,1,Costa Norte,5,302,112978.24363708496,375609.38873291016,0.2316988987325524,0.0056465360861401945,462.2,247.03,33241.94639072847
2025,14,Lambayeque,1,Costa Norte,7,240,46869.250549316406,163778.67094421387,0.14630271427274408,0.02315389146403965,370.6,215.29,30674.786333333333
2025,14,Lambayeque,1,Costa Norte,8,15,2965.175491333008,10315.244400024414,0.0,0.0,370.6,215.29,31254.322
2025,14,Lambayeque,4,Sierra Norte,6,8,1199.9732666015625,5099.886383056641,0.0,0.0,345.0,222.11,25850.94875
2025,14,Lambayeque,4,Sierra Norte,7,16,2250.098388671875,11319.3818359375,0.28613064732202365,0.09634839285872968,345.0,222.11,22787.56
2025,14,Lambayeque,4,Sierra Norte,8,16,2290.5775146484375,7158.054733276367,0.2057296826423169,0.0,345.0,222.11,20322.045625
2025,15,Lima,2,Costa Centro,2,409,102907.20665740967,342155.4449043274,0.17545416120711135,0.02092644537925151,452.57,247.03,46371.60718826406
2025,15,Lima,2,Costa Centro,3,255,63055.402198791504,200660.4663925171,0.23536872003247042,0.0266071756248184,452.57,247.03,41041.479529411765
2025,15,Lima,2,Costa Centro,4,134,35376.06894683838,118878.12309265137,0.16895523659651918,0.013456722383272826,452.57,247.03,45500.907014925375
2025,15,Lima,2,Costa Centro,5,138,37633.943786621094,125770.57293701172,0.20089368834218885,0.04011363654832216,452.57,247.03,44872.31420289855
2025,15,Lima,2,Costa Centro,6,41,4214.895317077637,11653.143417358398,0.134564782286413,0.06107687854093287,363.66,215.29,30554.326341463417
2025,15,Lima,2,Costa Centro,7,150,15628.04997253418,45856.09174346924,0.1596688891458092,0.013303811954713458,363.66,215.29,34294.73013333333
2025,15,Lima,2,Costa Centro,8,45,6000.973129272461,18036.123237609863,0.19765709942152213,0.0,363.66,215.29,41598.65688888889
2025,15,Lima,5,Sierra Centro,5,40,20152.41273498535,61117.634994506836,0.3483877855241091,0.10115243150771393,399.22,234.98,36362.1615
2025,15,Lima,5,Sierra Centro,6,143,17211.275634765625,42667.749656677246,0.4201830722367091,0.09664044015200149,339.51,222.11,19057.063566433568
2025,15,Lima,5,Sierra Centro,7,50,6021.866027832031,16626.393577575684,0.37723808027889594,0.2392071673896098,339.51,222.11,18861.0136
2025,15,Lima,5,Sierra Centro,8,55,6664.738929748535,17021.81288909912,0.3306272319286164,0.1228995755643896,339.51,222.11,24495.677090909092
2025,15,Lima,8,Lima Metropolitana,1,3116,3117325.263031006,10469751.337402344,0.26783160759512,0.03571199015993523,568.01,307.24,65528.06046534018
2025,16,Loreto,7,Selva,2,547,108070.16831552982,427755.8780593872,0.25254702110742244,0.05128589473987329,425.69,252.83,59855.485301645334
2025,16,Loreto,7,Selva,3,110,26056.280115127563,103211.123437047,0.35052159762901786,0.029547744161712415,425.69,252.83,54259.58790909091
2025,16,Loreto,7,Selva,4,63,20055.369201660156,88964.54553222656,0.5287623682992121,0.17119988164285244,425.69,252.83,43554.239682539686
2025,16,Loreto,7,Selva,5,150,48341.8115234375,204471.91787719727,0.5121468459548635,0.15192683784713226,425.69,252.83,41710.73466666666
2025,16,Loreto,7,Selva,6,49,6801.381332397461,29897.319259643555,0.38457169573135863,0.12487018639743626,331.0,210.32,31712.870612244897
2025,16,Loreto,7,Selva,7,257,36252.23693847656,159242.67066955566,0.47294169997104957,0.14776020134092524,331.0,210.32,25184.304513618677
2025,16,Loreto,7,Selva,8,203,28221.301467895508,128422.19343566895,0.5862834612980459,0.24773064461313649,331.0,210.32,18350.281231527093
2025,17,Madre de Dios,7,Selva,3,269,23879.169669151306,78073.25528287888,0.06420322781950191,0.00016849559667145102,419.9,252.83,53316.57371747212
2025,17,Madre de Dios,7,Selva,5,155,23891.898904800415,70739.71421527863,0.07465932427789626,0.017938531811250307,419.9,252.83,40275.51722580645
2025,17,Madre de Dios,7,Selva,6,24,800.0972213745117,2482.9662895202637,0.043777241300845406,0.0,326.96,210.32,43789.10666666667
2025,17,Madre de Dios,7,Selva,7,75,2674.2537155151367,9003.83574295044,0.1193931427702421,0.03854369509351122,326.96,210.32,46274.29866666667
2025,17,Madre de Dios,7,Selva,8,80,2686.8687477111816,9761.274612426758,0.09634648407349178,0.014847434543000393,326.96,210.32,46220.802875
2025,18,Moquegua,3,Costa Sur,3,636,51639.40504646301,150177.56077051163,0.056481830762073526,0.002709839718397836,463.2,247.03,59662.26536163522
2025,18,Moquegua,3,Costa Sur,5,15,1110.5205535888672,2894.551071166992,0.10313793661342537,0.0,463.2,247.03,44346.33666666667
2025,18,Moquegua,3,Costa Sur,7,20,1304.8046493530273,2745.7131271362305,0.16099703275295332,0.0,371.33,215.29,31698.5975
2025,18,Moquegua,3,Costa Sur,8,7,424.5338821411133,970.3631591796875,0.1875,0.125,371.33,215.29,60045.45857142857
2025,18,Moquegua,6,Sierra Sur,5,38,4898.42042350769,12192.929735183716,0.00837435652394413,0.0,407.72,234.98,98035.22210526316
2025,18,Moquegua,6,Sierra Sur,6,105,6438.1967849731445,13931.516647338867,0.23147639519411423,0.06359920631171939,345.58,222.11,25807.89761904762
2025,18,Moquegua,6,Sierra Sur,7,74,4625.7862548828125,9857.727867126465,0.13935116316228938,0.006343681560490494,345.58,222.11,26849.191891891893
2025,18,Moquegua,6,Sierra Sur,8,54,3328.1985931396484,7452.197479248047,0.20789325066155398,0.06842079100784977,345.58,222.11,25403.05925925926
2025,19,Pasco,5,Sierra Centro,3,206,23417.782057762146,78552.24682712555,0.29579910463445136,0.025440946003738255,407.04,234.98,40044.088689320386
2025,19,Pasco,5,Sierra Centro,5,164,42209.823760032654,120573.4555568695,0.41098470239603335,0.07417120931556685,407.04,234.98,29793.395853658538
2025,19,Pasco,5,Sierra Centro,6,37,3112.976837158203,8790.869941711426,0.2276728543076825,0.06621246001489599,345.09,222.11,21610.653783783782
2025,19,Pasco,5,Sierra Centro,7,107,8881.98934173584,28349.096717834473,0.5180178189069877,0.2683901652054854,345.09,222.11,22840.881495327103
2025,19,Pasco,5,Sierra Centro,8,60,4885.333457946777,14247.798751831055,0.36182729413728365,0.08149915262778538,345.09,222.11,19271.996333333333
2025,19,Pasco,7,Selva,5,119,11628.347290039062,36984.76322937012,0.32712940519486017,0.036690322207094,435.29,252.83,33790.0143697479
2025,19,Pasco,7,Selva,6,15,1203.7797317504883,2809.41845703125,0.02886387324723321,0.0,337.7,210.32,36135.371333333336
2025,19,Pasco,7,Selva,7,76,6257.821044921875,19861.781242370605,0.342226340791942,0.12152672852467755,337.7,210.32,24344.17355263158
2025,19,Pasco,7,Selva,8,66,5402.151557922363,19227.16902923584,0.3280505468549908,0.04948837716958911,337.7,210.32,21939.46575757576
2025,20,Piura,1,Costa Norte,2,540,159945.27535057068,600178.5889339447,0.17400460070653434,0.00783849096342648,466.16,247.03,57303.76311111111
2025,20,Piura,1,Costa Norte,3,267,105962.22022247314,397974.877494812,0.31350038200507596,0.02074409913014224,466.16,247.03,44699.85842696629
2025,20,Piura,1,Costa Norte,4,192,83531.80419921875,297902.0521392822,0.3424318076413138,0.0026640453365620056,466.16,247.03,35604.188489583335
2025,20,Piura,1,Costa Norte,5,211,94905.98724365234,333919.52697753906,0.24270219148344033,0.013279623483472676,466.16,247.03,37724.55454976303
2025,20,Piura,1,Costa Norte,6,16,3976.8115234375,10693.701278686523,0.2856683833169735,0.0,373.46,215.29,25363.83
2025,20,Piura,1,Costa Norte,7,185,46710.93998718262,166813.32153320312,0.3825152711266987,0.08713139475057469,373.46,215.29,27544.158054054053
2025,20,Piura,1,Costa Norte,8,56,14320.252807617188,52649.22872924805,0.25610351736632453,0.08857116754812182,373.46,215.29,26001.780714285713
2025,20,Piura,4,Sierra Norte,5,18,7283.336975097656,24998.944396972656,0.34114730137347965,0.0,410.08,234.98,38161.157222222224
2025,20,Piura,4,Sierra Norte,7,101,30228.761688232422,96667.1100769043,0.49025425344610246,0.17073754806213562,347.26,222.11,17831.001386138614
2025,20,Piura,4,Sierra Norte,8,36,10525.33154296875,35273.7712097168,0.5071997878342331,0.19781402521424615,347.26,222.11,19161.72888888889
2025,21,Puno,6,Sierra Sur,2,280,149439.22242546082,479897.40283203125,0.2823243850317374,0.06888873242092647,408.96,234.98,38163.22675
2025,21,Puno,6,Sierra Sur,4,12,10480.888488769531,36529.0146484375,0.32502819388996507,0.13119964488845032,408.96,234.98,31746.356666666667
2025,21,Puno,6,Sierra Sur,5,173,178898.38925170898,520693.6796875,0.4247146041511653,0.12344731769496764,408.96,234.98,24957.181502890173
2025,21,Puno,6,Sierra Sur,6,52,18916.11685180664,58023.51434326172,0.4759138556159702,0.12996669496845445,346.46,222.11,24599.01076923077
2025,21,Puno,6,Sierra Sur,7,435,157567.36514282227,384034.6858520508,0.4276501931172693,0.16757264449423828,346.46,222.11,17339.47252873563
2025,21,Puno,6,Sierra Sur,8,105,37695.65158081055,95364.00503540039,0.35275667506487884,0.14136507932646464,346.46,222.11,17056.05476190476
2025,21,Puno,7,Selva,6,6,2990.3783569335938,9469.531463623047,0.21052631578947367,0.0,339.12,210.32,24078.666666666668
2025,21,Puno,7,Selva,7,16,5576.7734375,12294.654479980469,0.16787905817193136,0.0,339.12,210.32,16158.50125
2025,22,San Martin,7,Selva,2,293,38013.827209472656,128650.82428741455,0.12040381163316008,0.010615501839129795,412.11,252.83,62067.51204778157
2025,22,San Martin,7,Selva,3,143,28991.348114013672,95750.94501495361,0.22212576217392155,0.013234751782726192,412.11,252.83,52405.58895104895
2025,22,San Martin,7,Selva,4,116,31467.129974365234,100657.24331665039,0.1990796863798146,0.043176999643404185,412.11,252.83,40729.341206896555
2025,22,San Martin,7,Selva,5,319,110488.37006378174,362701.1831893921,0.2674603060388338,0.06496099209959183,412.11,252.83,42447.27611285266
2025,22,San Martin,7,Selva,6,59,9357.17123413086,27466.83706665039,0.0765995121489486,0.03592639671137863,321.52,210.32,36163.79711864407
2025,22,San Martin,7,Selva,7,282,44450.488861083984,157560.14729309082,0.19209553342102237,0.02563164051515668,321.52,210.32,32155.797588652484
2025,22,San Martin,7,Selva,8,135,21588.470336914062,80751.84098815918,0.21299067380208872,0.03592957092121491,321.52,210.32,34310.66162962963
2025,23,Tacna,3,Costa Sur,2,856,104448.83898210526,316666.8363137245,0.16096353821015089,0.006961753420344206,456.96,247.03,44289.567207943925
2025,23,Tacna,3,Costa Sur,5,126,6026.244983673096,14049.07854938507,0.16386516627560627,0.0579401469931393,456.96,247.03,69225.88301587301
2025,23,Tacna,3,Costa Sur,6,36,1418.9277725219727,4301.374752044678,0.03535727641851068,0.017107945453105993,366.82,215.29,45019.69388888889
2025,23,Tacna,3,Costa Sur,7,131,7355.111030578613,20107.677433013916,0.2131808590666564,0.04720674619780005,366.82,215.29,32114.200381679388
2025,23,Tacna,3,Costa Sur,8,8,333.626953125,708.957275390625,0.29411764705882354,0.0,366.82,215.29,36751.40875
2025,23,Tacna,6,Sierra Sur,5,18,1996.114028930664,5872.141143798828,0.506677182522552,0.0,402.73,234.98,26510.06611111111
2025,23,Tacna,6,Sierra Sur,6,51,5172.486267089844,11872.948524475098,0.2999169863913367,0.15116756951514604,342.01,222.11,19036.896666666667
2025,23,Tacna,6,Sierra Sur,7,16,1491.312255859375,4939.97184753418,0.32075471698113206,0.0,342.01,222.11,34061.365
2025,23,Tacna,6,Sierra Sur,8,16,1659.8526000976562,3569.32186126709,0.1566802092061089,0.052226736402036296,342.01,222.11,18363.979375
2025,24,Tumbes,1,Costa Norte,3,332,29316.075011253357,101574.39744472504,0.28726220896765886,0.008840870293980584,459.37,247.03,43224.36984939759
2025,24,Tumbes,1,Costa Norte,4,154,19702.447571754456,62849.99987602234,0.2876629862242297,0.0464023140644371,459.37,247.03,31610.11753246753
2025,24,Tumbes,1,Costa Norte,5,207,29098.508712768555,96005.06035614014,0.28171186563882555,0.019448067320262625,459.37,247.03,34216.56222222222
2025,24,Tumbes,1,Costa Norte,7,71,747.9135570526123,2416.890983581543,0.11619736224119359,0.0,368.56,215.29,29831.601408450704
2025,24,Tumbes,1,Costa Norte,8,75,593.3594098091125,1720.8427653312683,0.15245483316950253,0.0,368.56,215.29,27376.157466666667
2025,25,Ucayali,7,Selva,2,591,78820.06777954102,326586.40320777893,0.21655162632284447,0.012465886238977354,428.6,252.83,50313.43517766498
2025,25,Ucayali,7,Selva,4,75,13737.191608428955,44603.25754547119,0.29028928582448293,0.022695919337120035,428.6,252.83,33017.09013333333
2025,25,Ucayali,7,Selva,5,142,27834.48455810547,102475.04598617554,0.14759050270322496,0.04196919344897611,428.6,252.83,45097.54788732394
2025,25,Ucayali,7,Selva,6,14,1034.840103149414,3935.549156188965,0.11474281500445548,0.0,333.04,210.32,58485.95428571429
2025,25,Ucayali,7,Selva,7,175,13251.575691223145,51316.17833709717,0.30711704128061695,0.04153867028191745,333.04,210.32,23855.7012
2025,25,Ucayali,7,Selva,8,110,8124.611968994141,29120.928993225098,0.22039563931606068,0.08668368988259846,333.04,210.32,26842.268363636365
